id,data,cliente,produto,categoria,regiao,quantidade,preco
1,2024-02-27,Cliente_001,Mouse,Periféricos,Nordeste,4.0,120.0
2,2024-03-12,Cliente_024,Smartphone,Celulares,Sul,9.0,2200.0
3,2024-10-29,Cliente_014,Notebook,Computadores,Sul,1.0,3500.0
5,2024-10-14,Cliente_007,Notebook,Computadores,Norte,7.0,3500.0
6,2024-08-17,Cliente_019,Smartphone,Celulares,Nordeste,1.0,2200.0
8,2024-04-20,Cliente_025,Smartphone,Celulares,Nordeste,2.0,2200.0
9,2024-07-13,Cliente_004,Notebook,Computadores,Nordeste,6.0,3500.0
10,2024-05-15,Cliente_026,Teclado,Periféricos,Sul,8.0,250.0
11,2024-03-04,Cliente_030,Teclado,Periféricos,Centro-Oeste,2.0,250.0
12,2024-05-30,Cliente_027,Teclado,Periféricos,Norte,6.0,250.0
13,2024-04-08,Cliente_023,Teclado,Periféricos,Sul,1.0,250.0
14,2024-04-26,Cliente_025,Mouse,Periféricos,Nordeste,2.0,120.0
15,2024-02-21,Cliente_013,Smartphone,Celulares,Nordeste,8.0,2200.0
16,2024-07-05,Cliente_006,Mouse,Periféricos,Nordeste,6.0,120.0
17,2024-12-09,Cliente_009,Smartphone,Celulares,Sul,10.0,2200.0
19,2024-07-13,Cliente_009,Monitor,Computadores,Norte,4.0,1200.0
20,2024-06-15,Cliente_027,Mouse,Periféricos,Sul,4.0,120.0
21,2024-06-10,Cliente_013,Notebook,Computadores,Nordeste,2.0,3500.0
22,2024-10-17,Cliente_029,Smartphone,Celulares,Nordeste,4.0,2200.0
23,2024-09-12,Cliente_013,Mouse,Periféricos,Centro-Oeste,3.0,120.0
24,2024-03-12,Cliente_008,Tablet,Celulares,Norte,9.0,1800.0
25,2024-10-26,Cliente_014,Tablet,Celulares,Norte,7.0,1800.0
26,2024-04-22,Cliente_005,Tablet,Celulares,Norte,8.0,1800.0
27,2024-01-25,Cliente_028,Notebook,Computadores,Sul,3.0,3500.0
28,2024-03-22,Cliente_026,Mouse,Periféricos,Centro-Oeste,10.0,120.0
29,2024-07-16,Cliente_013,Notebook,Computadores,Norte,8.0,3500.0
30,2024-05-08,Cliente_018,Teclado,Periféricos,Sul,2.0,250.0
31,2024-10-01,Cliente_025,Mouse,Periféricos,Nordeste,6.0,120.0
32,2024-05-30,Cliente_014,Notebook,Computadores,Sudeste,8.0,3500.0
36,2024-01-01,Cliente_020,Teclado,Periféricos,Nordeste,8.0,250.0
37,2024-02-27,Cliente_030,Notebook,Computadores,Nordeste,5.0,3500.0
38,2024-01-30,Cliente_008,Smartphone,Celulares,Norte,2.0,2200.0
40,2024-03-06,Cliente_022,Smartphone,Celulares,Centro-Oeste,9.0,2200.0
41,2024-05-15,Cliente_017,Smartphone,Celulares,Norte,7.0,2200.0
42,2024-10-03,Cliente_025,Smartphone,Celulares,Sudeste,5.0,2200.0
43,2024-12-09,Cliente_021,Monitor,Computadores,Nordeste,8.0,1200.0
44,2024-08-19,Cliente_004,Teclado,Periféricos,Sudeste,4.0,250.0
46,2024-10-28,Cliente_008,Smartphone,Celulares,Sul,2.0,2200.0
47,2024-11-19,Cliente_002,Mouse,Periféricos,Sudeste,2.0,120.0
48,2024-06-18,Cliente_003,Notebook,Computadores,Norte,4.0,3500.0
49,2024-12-08,Cliente_016,Tablet,Celulares,Sudeste,9.0,1800.0
50,2024-10-19,Cliente_019,Smartphone,Celulares,Centro-Oeste,4.0,2200.0
51,2024-07-27,Cliente_007,Monitor,Computadores,Sul,2.0,1200.0
52,2024-08-08,Cliente_012,Mouse,Periféricos,Centro-Oeste,7.0,120.0
53,2024-01-28,Cliente_022,Monitor,Computadores,Sul,1.0,1200.0
54,2024-06-22,Cliente_026,Monitor,Computadores,Sul,4.0,1200.0
55,2024-04-07,Cliente_018,Smartphone,Celulares,Centro-Oeste,3.0,2200.0
56,2024-04-03,Cliente_009,Monitor,Computadores,Centro-Oeste,4.0,1200.0
57,2024-08-14,Cliente_026,Notebook,Computadores,Norte,2.0,3500.0
58,2024-11-29,Cliente_018,Notebook,Computadores,Sul,2.0,3500.0
59,2024-03-26,Cliente_014,Smartphone,Celulares,Centro-Oeste,8.0,2200.0
61,2024-01-02,Cliente_013,Monitor,Computadores,Nordeste,8.0,1200.0
62,2024-08-04,Cliente_023,Tablet,Celulares,Norte,8.0,1800.0
63,2024-04-07,Cliente_010,Smartphone,Celulares,Sudeste,1.0,2200.0
64,2024-10-04,Cliente_002,Teclado,Periféricos,Nordeste,1.0,250.0
66,2024-01-30,Cliente_017,Smartphone,Celulares,Sul,3.0,2200.0
67,2024-10-31,Cliente_003,Notebook,Computadores,Sudeste,7.0,3500.0
70,2024-09-24,Cliente_011,Teclado,Periféricos,Nordeste,4.0,250.0
71,2024-06-09,Cliente_008,Mouse,Periféricos,Nordeste,7.0,120.0
73,2024-02-07,Cliente_001,Tablet,Celulares,Centro-Oeste,10.0,1800.0
74,2024-02-21,Cliente_003,Teclado,Periféricos,Norte,4.0,250.0
75,2024-05-15,Cliente_005,Teclado,Periféricos,Nordeste,2.0,250.0
76,2024-07-08,Cliente_010,Smartphone,Celulares,Sudeste,8.0,2200.0
77,2024-12-26,Cliente_010,Teclado,Periféricos,Norte,9.0,250.0
78,2024-12-07,Cliente_027,Notebook,Computadores,Norte,5.0,3500.0
79,2024-02-23,Cliente_029,Mouse,Periféricos,Sudeste,5.0,120.0
80,2024-02-24,Cliente_024,Notebook,Computadores,Norte,3.0,3500.0
81,2024-05-24,Cliente_020,Tablet,Celulares,Sudeste,6.0,1800.0
82,2024-12-17,Cliente_021,Smartphone,Celulares,Nordeste,9.0,2200.0
83,2024-05-08,Cliente_029,Monitor,Computadores,Sul,2.0,1200.0
84,2024-08-04,Cliente_027,Mouse,Periféricos,Nordeste,1.0,120.0
85,2024-06-19,Cliente_025,Notebook,Computadores,Sudeste,5.0,3500.0
86,2024-08-14,Cliente_018,Smartphone,Celulares,Centro-Oeste,9.0,2200.0
88,2024-07-08,Cliente_019,Notebook,Computadores,Norte,3.0,3500.0
89,2024-03-06,Cliente_002,Monitor,Computadores,Nordeste,6.0,1200.0
90,2024-07-02,Cliente_007,Notebook,Computadores,Sudeste,2.0,3500.0
91,2024-10-13,Cliente_029,Tablet,Celulares,Centro-Oeste,10.0,1800.0
92,2024-03-20,Cliente_030,Mouse,Periféricos,Sudeste,3.0,120.0
93,2024-07-30,Cliente_001,Smartphone,Celulares,Sudeste,6.0,2200.0
94,2024-12-08,Cliente_028,Monitor,Computadores,Sudeste,5.0,1200.0
95,2024-12-25,Cliente_004,Smartphone,Celulares,Centro-Oeste,1.0,2200.0
96,2024-04-23,Cliente_007,Monitor,Computadores,Centro-Oeste,6.0,1200.0
97,2024-04-26,Cliente_008,Tablet,Celulares,Sul,4.0,1800.0
98,2024-06-17,Cliente_009,Monitor,Computadores,Sul,5.0,1200.0
99,2024-11-24,Cliente_017,Tablet,Celulares,Centro-Oeste,9.0,1800.0
100,2024-01-15,Cliente_004,Tablet,Celulares,Nordeste,3.0,1800.0
101,2024-05-15,Cliente_002,Teclado,Periféricos,Sul,10.0,250.0
103,2024-09-18,Cliente_004,Teclado,Periféricos,Centro-Oeste,10.0,250.0
104,2024-05-10,Cliente_002,Smartphone,Celulares,Centro-Oeste,1.0,2200.0
105,2024-10-02,Cliente_022,Teclado,Periféricos,Sudeste,6.0,250.0
106,2024-02-05,Cliente_022,Monitor,Computadores,Nordeste,10.0,1200.0
107,2024-12-05,Cliente_028,Tablet,Celulares,Sul,5.0,1800.0
108,2024-06-07,Cliente_022,Teclado,Periféricos,Centro-Oeste,6.0,250.0
109,2024-12-22,Cliente_010,Monitor,Computadores,Norte,3.0,1200.0
110,2024-08-03,Cliente_022,Smartphone,Celulares,Centro-Oeste,3.0,2200.0
111,2024-10-18,Cliente_010,Teclado,Periféricos,Centro-Oeste,9.0,250.0
112,2024-06-04,Cliente_010,Notebook,Computadores,Sudeste,7.0,3500.0
113,2024-11-06,Cliente_021,Teclado,Periféricos,Nordeste,8.0,250.0
114,2024-08-14,Cliente_022,Monitor,Computadores,Sudeste,9.0,1200.0
115,2024-03-27,Cliente_022,Monitor,Computadores,Sul,5.0,1200.0
116,2024-12-05,Cliente_021,Teclado,Periféricos,Norte,6.0,250.0
117,2024-04-30,Cliente_022,Notebook,Computadores,Nordeste,4.0,3500.0
118,2024-03-16,Cliente_001,Smartphone,Celulares,Sul,4.0,2200.0
119,2024-11-08,Cliente_028,Monitor,Computadores,Sul,8.0,1200.0
120,2024-11-18,Cliente_019,Monitor,Computadores,Sudeste,7.0,1200.0
121,2024-07-23,Cliente_008,Monitor,Computadores,Sudeste,1.0,1200.0
123,2024-01-26,Cliente_018,Monitor,Computadores,Sudeste,2.0,1200.0
124,2024-03-09,Cliente_026,Monitor,Computadores,Centro-Oeste,9.0,1200.0
125,2024-10-31,Cliente_011,Teclado,Periféricos,Centro-Oeste,10.0,250.0
126,2024-09-15,Cliente_014,Mouse,Periféricos,Norte,8.0,120.0
127,2024-08-31,Cliente_015,Smartphone,Celulares,Nordeste,4.0,2200.0
128,2024-05-21,Cliente_025,Mouse,Periféricos,Norte,8.0,120.0
129,2024-05-02,Cliente_009,Mouse,Periféricos,Centro-Oeste,2.0,120.0
131,2024-10-03,Cliente_003,Tablet,Celulares,Sudeste,3.0,1800.0
132,2024-07-15,Cliente_023,Smartphone,Celulares,Sudeste,4.0,2200.0
134,2024-07-31,Cliente_002,Monitor,Computadores,Sudeste,7.0,1200.0
135,2024-10-26,Cliente_023,Monitor,Computadores,Sul,10.0,1200.0
137,2024-08-02,Cliente_018,Monitor,Computadores,Norte,10.0,1200.0
138,2024-09-06,Cliente_008,Smartphone,Celulares,Nordeste,7.0,2200.0
139,2024-01-15,Cliente_013,Monitor,Computadores,Nordeste,7.0,1200.0
141,2024-09-30,Cliente_001,Teclado,Periféricos,Centro-Oeste,10.0,250.0
142,2024-12-05,Cliente_001,Teclado,Periféricos,Sul,7.0,250.0
144,2024-06-16,Cliente_007,Monitor,Computadores,Centro-Oeste,6.0,1200.0
145,2024-07-13,Cliente_009,Tablet,Celulares,Centro-Oeste,5.0,1800.0
146,2024-08-28,Cliente_001,Notebook,Computadores,Norte,1.0,3500.0
147,2024-04-24,Cliente_021,Tablet,Celulares,Sul,1.0,1800.0
149,2024-05-02,Cliente_005,Smartphone,Celulares,Centro-Oeste,2.0,2200.0
150,2024-04-21,Cliente_015,Teclado,Periféricos,Nordeste,6.0,250.0
151,2024-11-06,Cliente_020,Smartphone,Celulares,Sul,3.0,2200.0
152,2024-02-25,Cliente_019,Tablet,Celulares,Sul,5.0,1800.0
153,2024-12-12,Cliente_030,Teclado,Periféricos,Centro-Oeste,7.0,250.0
154,2024-04-11,Cliente_003,Mouse,Periféricos,Norte,4.0,120.0
156,2024-10-16,Cliente_026,Notebook,Computadores,Sul,6.0,3500.0
157,2024-08-07,Cliente_022,Teclado,Periféricos,Nordeste,2.0,250.0
158,2024-11-27,Cliente_011,Teclado,Periféricos,Sul,7.0,250.0
159,2024-02-24,Cliente_014,Monitor,Computadores,Nordeste,8.0,1200.0
160,2024-03-19,Cliente_014,Mouse,Periféricos,Sudeste,9.0,120.0
161,2024-05-18,Cliente_020,Mouse,Periféricos,Norte,8.0,120.0
163,2024-05-05,Cliente_027,Tablet,Celulares,Sul,5.0,1800.0
164,2024-05-04,Cliente_025,Monitor,Computadores,Centro-Oeste,10.0,1200.0
165,2024-12-08,Cliente_013,Teclado,Periféricos,Nordeste,1.0,250.0
166,2024-06-15,Cliente_006,Monitor,Computadores,Centro-Oeste,4.0,1200.0
167,2024-05-12,Cliente_011,Tablet,Celulares,Nordeste,10.0,1800.0
168,2024-05-21,Cliente_018,Mouse,Periféricos,Sul,9.0,120.0
169,2024-02-13,Cliente_008,Smartphone,Celulares,Centro-Oeste,8.0,2200.0
171,2024-01-09,Cliente_003,Monitor,Computadores,Nordeste,4.0,1200.0
172,2024-12-20,Cliente_008,Monitor,Computadores,Nordeste,10.0,1200.0
173,2024-08-30,Cliente_018,Tablet,Celulares,Norte,6.0,1800.0
174,2024-10-08,Cliente_011,Monitor,Computadores,Nordeste,8.0,1200.0
175,2024-06-05,Cliente_009,Tablet,Celulares,Sudeste,2.0,1800.0
176,2024-04-08,Cliente_011,Mouse,Periféricos,Sul,9.0,120.0
178,2024-10-28,Cliente_025,Tablet,Celulares,Norte,10.0,1800.0
179,2024-02-21,Cliente_027,Tablet,Celulares,Sudeste,5.0,1800.0
180,2024-07-03,Cliente_006,Smartphone,Celulares,Nordeste,1.0,2200.0
181,2024-09-30,Cliente_005,Mouse,Periféricos,Nordeste,1.0,120.0
182,2024-10-10,Cliente_010,Notebook,Computadores,Sudeste,8.0,3500.0
183,2024-01-07,Cliente_019,Notebook,Computadores,Nordeste,8.0,3500.0
185,2024-09-01,Cliente_004,Tablet,Celulares,Sul,7.0,1800.0
186,2024-02-07,Cliente_019,Monitor,Computadores,Sul,3.0,1200.0
187,2024-10-15,Cliente_010,Smartphone,Celulares,Sul,4.0,2200.0
189,2024-11-12,Cliente_008,Teclado,Periféricos,Norte,7.0,250.0
190,2024-08-14,Cliente_010,Monitor,Computadores,Norte,7.0,1200.0
191,2024-10-18,Cliente_020,Tablet,Celulares,Sul,10.0,1800.0
192,2024-02-20,Cliente_025,Mouse,Periféricos,Sudeste,4.0,120.0
194,2024-10-09,Cliente_003,Smartphone,Celulares,Sudeste,1.0,2200.0
195,2024-08-18,Cliente_023,Monitor,Computadores,Norte,8.0,1200.0
196,2024-01-17,Cliente_008,Tablet,Celulares,Nordeste,5.0,1800.0
197,2024-08-20,Cliente_003,Mouse,Periféricos,Sudeste,5.0,120.0
198,2024-10-28,Cliente_022,Mouse,Periféricos,Sudeste,7.0,120.0
199,2024-10-05,Cliente_008,Notebook,Computadores,Sudeste,5.0,3500.0
200,2024-02-06,Cliente_002,Smartphone,Celulares,Sudeste,5.0,2200.0
201,2024-10-18,Cliente_030,Teclado,Periféricos,Nordeste,8.0,250.0
202,2024-08-27,Cliente_023,Notebook,Computadores,Nordeste,7.0,3500.0
203,2024-09-13,Cliente_018,Tablet,Celulares,Centro-Oeste,8.0,1800.0
204,2024-11-02,Cliente_002,Notebook,Computadores,Centro-Oeste,6.0,3500.0
205,2024-05-08,Cliente_001,Teclado,Periféricos,Sul,4.0,250.0
206,2024-10-21,Cliente_019,Mouse,Periféricos,Sul,5.0,120.0
207,2024-01-21,Cliente_025,Teclado,Periféricos,Sudeste,8.0,250.0
208,2024-11-29,Cliente_015,Teclado,Periféricos,Nordeste,3.0,250.0
209,2024-08-11,Cliente_021,Teclado,Periféricos,Centro-Oeste,2.0,250.0
210,2024-06-27,Cliente_014,Monitor,Computadores,Nordeste,6.0,1200.0
211,2024-02-23,Cliente_028,Mouse,Periféricos,Sudeste,6.0,120.0
212,2024-12-21,Cliente_016,Monitor,Computadores,Nordeste,7.0,1200.0
213,2024-01-19,Cliente_015,Teclado,Periféricos,Sul,6.0,250.0
214,2024-06-14,Cliente_004,Tablet,Celulares,Centro-Oeste,9.0,1800.0
215,2024-12-02,Cliente_028,Notebook,Computadores,Norte,8.0,3500.0
216,2024-01-28,Cliente_007,Monitor,Computadores,Norte,6.0,1200.0
217,2024-09-12,Cliente_021,Teclado,Periféricos,Centro-Oeste,1.0,250.0
218,2024-05-16,Cliente_018,Smartphone,Celulares,Sudeste,5.0,2200.0
219,2024-12-23,Cliente_016,Monitor,Computadores,Sul,1.0,1200.0
220,2024-11-07,Cliente_026,Mouse,Periféricos,Sudeste,3.0,120.0
221,2024-10-09,Cliente_001,Tablet,Celulares,Norte,7.0,1800.0
222,2024-04-25,Cliente_027,Notebook,Computadores,Sul,8.0,3500.0
223,2024-11-27,Cliente_027,Notebook,Computadores,Sudeste,8.0,3500.0
224,2024-05-29,Cliente_017,Mouse,Periféricos,Nordeste,7.0,120.0
225,2024-08-29,Cliente_008,Monitor,Computadores,Centro-Oeste,9.0,1200.0
226,2024-07-15,Cliente_007,Smartphone,Celulares,Norte,9.0,2200.0
227,2024-03-10,Cliente_028,Mouse,Periféricos,Sul,5.0,120.0
228,2024-06-23,Cliente_030,Monitor,Computadores,Norte,5.0,1200.0
230,2024-12-03,Cliente_016,Teclado,Periféricos,Sudeste,8.0,250.0
231,2024-09-04,Cliente_012,Teclado,Periféricos,Nordeste,9.0,250.0
232,2024-07-12,Cliente_015,Teclado,Periféricos,Nordeste,4.0,250.0
233,2024-05-02,Cliente_019,Mouse,Periféricos,Centro-Oeste,4.0,120.0
234,2024-01-23,Cliente_011,Monitor,Computadores,Centro-Oeste,7.0,1200.0
235,2024-12-05,Cliente_026,Monitor,Computadores,Sudeste,8.0,1200.0
236,2024-03-05,Cliente_017,Notebook,Computadores,Norte,6.0,3500.0
237,2024-08-13,Cliente_004,Notebook,Computadores,Norte,8.0,3500.0
238,2024-03-14,Cliente_014,Notebook,Computadores,Sudeste,2.0,3500.0
239,2024-05-15,Cliente_011,Monitor,Computadores,Norte,7.0,1200.0
240,2024-02-11,Cliente_028,Mouse,Periféricos,Nordeste,9.0,120.0
241,2024-06-11,Cliente_021,Monitor,Computadores,Centro-Oeste,9.0,1200.0
242,2024-11-12,Cliente_003,Notebook,Computadores,Sudeste,5.0,3500.0
244,2024-03-26,Cliente_023,Monitor,Computadores,Nordeste,1.0,1200.0
245,2024-06-15,Cliente_026,Notebook,Computadores,Sul,5.0,3500.0
246,2024-07-10,Cliente_014,Tablet,Celulares,Sudeste,4.0,1800.0
247,2024-07-29,Cliente_019,Teclado,Periféricos,Sudeste,3.0,250.0
248,2024-02-10,Cliente_020,Smartphone,Celulares,Centro-Oeste,10.0,2200.0
249,2024-05-03,Cliente_016,Mouse,Periféricos,Norte,3.0,120.0
250,2024-08-24,Cliente_021,Smartphone,Celulares,Nordeste,8.0,2200.0
251,2024-12-07,Cliente_001,Tablet,Celulares,Centro-Oeste,5.0,1800.0
252,2024-10-06,Cliente_006,Mouse,Periféricos,Sul,8.0,120.0
253,2024-10-27,Cliente_010,Tablet,Celulares,Centro-Oeste,5.0,1800.0
254,2024-06-03,Cliente_007,Monitor,Computadores,Centro-Oeste,8.0,1200.0
255,2024-05-01,Cliente_013,Notebook,Computadores,Norte,6.0,3500.0
256,2024-05-31,Cliente_023,Teclado,Periféricos,Nordeste,1.0,250.0
257,2024-07-21,Cliente_009,Mouse,Periféricos,Sul,10.0,120.0
258,2024-01-26,Cliente_030,Mouse,Periféricos,Norte,8.0,120.0
259,2024-04-27,Cliente_020,Tablet,Celulares,Nordeste,4.0,1800.0
260,2024-04-07,Cliente_020,Mouse,Periféricos,Nordeste,3.0,120.0
261,2024-02-19,Cliente_029,Mouse,Periféricos,Sul,5.0,120.0
262,2024-01-18,Cliente_019,Monitor,Computadores,Nordeste,3.0,1200.0
263,2024-05-31,Cliente_011,Notebook,Computadores,Centro-Oeste,3.0,3500.0
264,2024-03-08,Cliente_026,Smartphone,Celulares,Norte,6.0,2200.0
265,2024-09-13,Cliente_030,Teclado,Periféricos,Nordeste,3.0,250.0
266,2024-09-03,Cliente_026,Tablet,Celulares,Nordeste,6.0,1800.0
267,2024-08-27,Cliente_003,Notebook,Computadores,Sudeste,4.0,3500.0
268,2024-12-11,Cliente_013,Mouse,Periféricos,Norte,6.0,120.0
271,2024-11-22,Cliente_012,Monitor,Computadores,Sul,4.0,1200.0
272,2024-01-13,Cliente_020,Monitor,Computadores,Norte,6.0,1200.0
273,2024-04-23,Cliente_021,Teclado,Periféricos,Sul,8.0,250.0
274,2024-06-03,Cliente_021,Mouse,Periféricos,Centro-Oeste,2.0,120.0
275,2024-01-24,Cliente_002,Smartphone,Celulares,Nordeste,8.0,2200.0
276,2024-02-19,Cliente_008,Notebook,Computadores,Norte,3.0,3500.0
277,2024-08-20,Cliente_012,Monitor,Computadores,Norte,7.0,1200.0
278,2024-03-20,Cliente_029,Teclado,Periféricos,Centro-Oeste,2.0,250.0
279,2024-11-11,Cliente_014,Monitor,Computadores,Nordeste,1.0,1200.0
281,2024-07-04,Cliente_004,Smartphone,Celulares,Nordeste,9.0,2200.0
282,2024-07-02,Cliente_002,Mouse,Periféricos,Centro-Oeste,5.0,120.0
283,2024-03-03,Cliente_028,Smartphone,Celulares,Centro-Oeste,2.0,2200.0
284,2024-04-18,Cliente_021,Mouse,Periféricos,Norte,1.0,120.0
286,2024-02-05,Cliente_027,Smartphone,Celulares,Norte,4.0,2200.0
287,2024-04-20,Cliente_027,Teclado,Periféricos,Sudeste,6.0,250.0
288,2024-11-01,Cliente_001,Smartphone,Celulares,Nordeste,3.0,2200.0
289,2024-10-03,Cliente_009,Smartphone,Celulares,Sudeste,2.0,2200.0
290,2024-01-14,Cliente_005,Mouse,Periféricos,Sul,6.0,120.0
291,2024-10-28,Cliente_011,Smartphone,Celulares,Sul,3.0,2200.0
292,2024-01-27,Cliente_005,Tablet,Celulares,Centro-Oeste,9.0,1800.0
293,2024-02-02,Cliente_016,Notebook,Computadores,Centro-Oeste,6.0,3500.0
294,2024-10-30,Cliente_004,Teclado,Periféricos,Centro-Oeste,9.0,250.0
295,2024-11-10,Cliente_002,Smartphone,Celulares,Norte,5.0,2200.0
296,2024-11-25,Cliente_001,Monitor,Computadores,Sul,8.0,1200.0
298,2024-08-15,Cliente_003,Mouse,Periféricos,Sul,6.0,120.0
299,2024-03-16,Cliente_003,Teclado,Periféricos,Sudeste,5.0,250.0
300,2024-11-20,Cliente_019,Teclado,Periféricos,Norte,6.0,250.0
302,2024-11-05,Cliente_014,Teclado,Periféricos,Sul,2.0,250.0
303,2024-11-29,Cliente_029,Mouse,Periféricos,Norte,4.0,120.0
304,2024-08-19,Cliente_029,Monitor,Computadores,Sudeste,7.0,1200.0
305,2024-08-20,Cliente_013,Tablet,Celulares,Centro-Oeste,2.0,1800.0
306,2024-08-06,Cliente_011,Tablet,Celulares,Nordeste,6.0,1800.0
307,2024-12-17,Cliente_030,Smartphone,Celulares,Centro-Oeste,2.0,2200.0
308,2024-02-13,Cliente_003,Notebook,Computadores,Centro-Oeste,2.0,3500.0
309,2024-07-09,Cliente_026,Mouse,Periféricos,Sudeste,9.0,120.0
310,2024-10-27,Cliente_018,Notebook,Computadores,Norte,6.0,3500.0
311,2024-03-03,Cliente_014,Mouse,Periféricos,Nordeste,7.0,120.0
312,2024-01-27,Cliente_010,Mouse,Periféricos,Norte,5.0,120.0
313,2024-02-23,Cliente_019,Tablet,Celulares,Norte,4.0,1800.0
314,2024-12-02,Cliente_016,Smartphone,Celulares,Sudeste,2.0,2200.0
315,2024-10-11,Cliente_012,Tablet,Celulares,Sul,5.0,1800.0
316,2024-04-25,Cliente_026,Teclado,Periféricos,Centro-Oeste,9.0,250.0
317,2024-11-10,Cliente_022,Teclado,Periféricos,Norte,1.0,250.0
318,2024-12-02,Cliente_027,Teclado,Periféricos,Nordeste,1.0,250.0
319,2024-05-19,Cliente_023,Smartphone,Celulares,Nordeste,6.0,2200.0
320,2024-01-04,Cliente_006,Tablet,Celulares,Sudeste,10.0,1800.0
321,2024-07-24,Cliente_003,Mouse,Periféricos,Sudeste,1.0,120.0
322,2024-09-28,Cliente_007,Notebook,Computadores,Centro-Oeste,7.0,3500.0
323,2024-06-23,Cliente_006,Monitor,Computadores,Nordeste,5.0,1200.0
324,2024-06-15,Cliente_025,Mouse,Periféricos,Norte,10.0,120.0
326,2024-12-11,Cliente_003,Notebook,Computadores,Nordeste,8.0,3500.0
327,2024-08-05,Cliente_016,Mouse,Periféricos,Norte,8.0,120.0
328,2024-05-19,Cliente_007,Monitor,Computadores,Norte,2.0,1200.0
329,2024-08-08,Cliente_004,Tablet,Celulares,Nordeste,10.0,1800.0
330,2024-09-26,Cliente_022,Monitor,Computadores,Nordeste,1.0,1200.0
331,2024-07-21,Cliente_020,Smartphone,Celulares,Sul,1.0,2200.0
332,2024-06-03,Cliente_007,Smartphone,Celulares,Sudeste,5.0,2200.0
333,2024-06-16,Cliente_004,Tablet,Celulares,Sul,8.0,1800.0
334,2024-08-08,Cliente_006,Mouse,Periféricos,Sudeste,7.0,120.0
335,2024-12-26,Cliente_008,Teclado,Periféricos,Norte,9.0,250.0
336,2024-06-30,Cliente_003,Mouse,Periféricos,Centro-Oeste,1.0,120.0
337,2024-01-10,Cliente_015,Monitor,Computadores,Sul,6.0,1200.0
338,2024-08-07,Cliente_019,Teclado,Periféricos,Centro-Oeste,7.0,250.0
339,2024-02-28,Cliente_013,Tablet,Celulares,Sul,6.0,1800.0
340,2024-11-12,Cliente_015,Smartphone,Celulares,Nordeste,2.0,2200.0
341,2024-02-24,Cliente_008,Monitor,Computadores,Centro-Oeste,10.0,1200.0
342,2024-09-25,Cliente_003,Monitor,Computadores,Centro-Oeste,5.0,1200.0
343,2024-06-22,Cliente_008,Mouse,Periféricos,Nordeste,3.0,120.0
345,2024-04-09,Cliente_029,Teclado,Periféricos,Nordeste,6.0,250.0
346,2024-11-26,Cliente_027,Mouse,Periféricos,Sudeste,4.0,120.0
349,2024-09-09,Cliente_015,Mouse,Periféricos,Norte,10.0,120.0
350,2024-12-14,Cliente_030,Monitor,Computadores,Norte,10.0,1200.0
351,2024-11-17,Cliente_011,Tablet,Celulares,Sudeste,8.0,1800.0
352,2024-08-28,Cliente_015,Notebook,Computadores,Nordeste,5.0,3500.0
353,2024-01-29,Cliente_012,Teclado,Periféricos,Norte,2.0,250.0
354,2024-08-24,Cliente_015,Tablet,Celulares,Sul,1.0,1800.0
355,2024-05-26,Cliente_003,Tablet,Celulares,Sul,10.0,1800.0
356,2024-09-16,Cliente_013,Teclado,Periféricos,Centro-Oeste,10.0,250.0
357,2024-01-22,Cliente_015,Teclado,Periféricos,Norte,4.0,250.0
359,2024-08-18,Cliente_004,Notebook,Computadores,Nordeste,2.0,3500.0
361,2024-08-12,Cliente_015,Mouse,Periféricos,Norte,9.0,120.0
362,2024-03-22,Cliente_012,Teclado,Periféricos,Nordeste,5.0,250.0
363,2024-07-28,Cliente_025,Monitor,Computadores,Nordeste,10.0,1200.0
364,2024-11-19,Cliente_021,Notebook,Computadores,Nordeste,2.0,3500.0
365,2024-02-18,Cliente_018,Tablet,Celulares,Centro-Oeste,5.0,1800.0
366,2024-12-02,Cliente_030,Tablet,Celulares,Norte,3.0,1800.0
367,2024-02-11,Cliente_019,Tablet,Celulares,Sudeste,6.0,1800.0
369,2024-12-28,Cliente_003,Teclado,Periféricos,Nordeste,9.0,250.0
370,2024-11-25,Cliente_026,Monitor,Computadores,Nordeste,3.0,1200.0
371,2024-12-25,Cliente_027,Mouse,Periféricos,Norte,2.0,120.0
372,2024-12-09,Cliente_014,Mouse,Periféricos,Norte,6.0,120.0
373,2024-07-04,Cliente_010,Notebook,Computadores,Sudeste,4.0,3500.0
374,2024-09-05,Cliente_007,Tablet,Celulares,Sudeste,3.0,1800.0
375,2024-02-09,Cliente_010,Smartphone,Celulares,Sul,9.0,2200.0
376,2024-09-26,Cliente_002,Teclado,Periféricos,Nordeste,10.0,250.0
377,2024-11-01,Cliente_013,Smartphone,Celulares,Sudeste,3.0,2200.0
378,2024-12-20,Cliente_025,Smartphone,Celulares,Norte,3.0,2200.0
379,2024-08-12,Cliente_002,Mouse,Periféricos,Centro-Oeste,6.0,120.0
380,2024-05-01,Cliente_015,Mouse,Periféricos,Norte,5.0,120.0
381,2024-08-17,Cliente_008,Mouse,Periféricos,Norte,4.0,120.0
382,2024-08-28,Cliente_029,Tablet,Celulares,Sudeste,6.0,1800.0
383,2024-10-19,Cliente_015,Mouse,Periféricos,Centro-Oeste,5.0,120.0
384,2024-09-14,Cliente_017,Monitor,Computadores,Centro-Oeste,3.0,1200.0
385,2024-11-05,Cliente_005,Smartphone,Celulares,Nordeste,1.0,2200.0
386,2024-09-03,Cliente_028,Mouse,Periféricos,Nordeste,9.0,120.0
387,2024-12-30,Cliente_028,Notebook,Computadores,Norte,2.0,3500.0
389,2024-09-19,Cliente_005,Monitor,Computadores,Centro-Oeste,2.0,1200.0
390,2024-08-18,Cliente_029,Smartphone,Celulares,Nordeste,1.0,2200.0
391,2024-01-28,Cliente_013,Monitor,Computadores,Norte,6.0,1200.0
392,2024-07-16,Cliente_003,Smartphone,Celulares,Nordeste,4.0,2200.0
393,2024-06-12,Cliente_030,Notebook,Computadores,Sul,6.0,3500.0
394,2024-03-11,Cliente_002,Smartphone,Celulares,Nordeste,8.0,2200.0
395,2024-03-12,Cliente_025,Mouse,Periféricos,Centro-Oeste,8.0,120.0
396,2024-01-03,Cliente_029,Teclado,Periféricos,Sul,1.0,250.0
397,2024-04-20,Cliente_027,Tablet,Celulares,Sudeste,9.0,1800.0
398,2024-11-07,Cliente_017,Mouse,Periféricos,Centro-Oeste,2.0,120.0
399,2024-05-01,Cliente_010,Tablet,Celulares,Sul,1.0,1800.0
400,2024-08-02,Cliente_021,Smartphone,Celulares,Norte,8.0,2200.0
402,2024-01-09,Cliente_021,Teclado,Periféricos,Norte,10.0,250.0
403,2024-03-14,Cliente_010,Smartphone,Celulares,Centro-Oeste,1.0,2200.0
404,2024-06-29,Cliente_008,Teclado,Periféricos,Norte,7.0,250.0
405,2024-12-06,Cliente_022,Smartphone,Celulares,Sul,9.0,2200.0
406,2024-02-04,Cliente_017,Tablet,Celulares,Norte,9.0,1800.0
407,2024-10-10,Cliente_001,Teclado,Periféricos,Centro-Oeste,8.0,250.0
408,2024-11-21,Cliente_013,Notebook,Computadores,Nordeste,5.0,3500.0
409,2024-01-09,Cliente_012,Mouse,Periféricos,Sul,6.0,120.0
410,2024-12-02,Cliente_021,Smartphone,Celulares,Sul,10.0,2200.0
411,2024-06-19,Cliente_005,Mouse,Periféricos,Sul,6.0,120.0
412,2024-06-22,Cliente_027,Teclado,Periféricos,Sudeste,8.0,250.0
413,2024-09-02,Cliente_021,Mouse,Periféricos,Sudeste,3.0,120.0
414,2024-08-22,Cliente_002,Notebook,Computadores,Nordeste,4.0,3500.0
415,2024-04-12,Cliente_029,Notebook,Computadores,Sul,6.0,3500.0
416,2024-09-20,Cliente_013,Tablet,Celulares,Norte,8.0,1800.0
417,2024-01-19,Cliente_025,Tablet,Celulares,Sudeste,5.0,1800.0
418,2024-01-25,Cliente_028,Tablet,Celulares,Nordeste,5.0,1800.0
419,2024-07-07,Cliente_014,Notebook,Computadores,Centro-Oeste,8.0,3500.0
420,2024-06-22,Cliente_006,Monitor,Computadores,Centro-Oeste,8.0,1200.0
421,2024-09-22,Cliente_009,Tablet,Celulares,Sul,7.0,1800.0
423,2024-06-13,Cliente_004,Tablet,Celulares,Sul,6.0,1800.0
424,2024-05-31,Cliente_010,Mouse,Periféricos,Centro-Oeste,10.0,120.0
425,2024-08-06,Cliente_006,Mouse,Periféricos,Centro-Oeste,6.0,120.0
426,2024-01-22,Cliente_024,Monitor,Computadores,Nordeste,10.0,1200.0
427,2024-05-20,Cliente_021,Monitor,Computadores,Sul,2.0,1200.0
428,2024-11-22,Cliente_013,Mouse,Periféricos,Nordeste,9.0,120.0
429,2024-12-13,Cliente_006,Mouse,Periféricos,Sul,3.0,120.0
430,2024-12-13,Cliente_026,Teclado,Periféricos,Centro-Oeste,1.0,250.0
431,2024-02-04,Cliente_008,Smartphone,Celulares,Nordeste,6.0,2200.0
432,2024-10-17,Cliente_002,Monitor,Computadores,Norte,3.0,1200.0
433,2024-08-18,Cliente_012,Mouse,Periféricos,Nordeste,8.0,120.0
434,2024-10-20,Cliente_005,Notebook,Computadores,Norte,6.0,3500.0
435,2024-06-09,Cliente_021,Monitor,Computadores,Nordeste,4.0,1200.0
436,2024-01-14,Cliente_024,Notebook,Computadores,Sudeste,8.0,3500.0
438,2024-05-13,Cliente_023,Tablet,Celulares,Centro-Oeste,4.0,1800.0
439,2024-05-26,Cliente_023,Teclado,Periféricos,Centro-Oeste,4.0,250.0
440,2024-03-10,Cliente_028,Notebook,Computadores,Sul,8.0,3500.0
441,2024-08-15,Cliente_003,Smartphone,Celulares,Nordeste,6.0,2200.0
442,2024-02-03,Cliente_018,Mouse,Periféricos,Norte,5.0,120.0
443,2024-03-21,Cliente_023,Tablet,Celulares,Sudeste,6.0,1800.0
444,2024-04-24,Cliente_004,Teclado,Periféricos,Sudeste,3.0,250.0
445,2024-09-09,Cliente_001,Smartphone,Celulares,Nordeste,9.0,2200.0
446,2024-07-07,Cliente_015,Teclado,Periféricos,Norte,3.0,250.0
447,2024-02-14,Cliente_003,Teclado,Periféricos,Nordeste,7.0,250.0
448,2024-09-02,Cliente_017,Mouse,Periféricos,Centro-Oeste,7.0,120.0
449,2024-02-07,Cliente_005,Teclado,Periféricos,Nordeste,2.0,250.0
450,2024-08-26,Cliente_022,Monitor,Computadores,Norte,6.0,1200.0
451,2024-10-09,Cliente_021,Smartphone,Celulares,Norte,3.0,2200.0
452,2024-08-09,Cliente_017,Smartphone,Celulares,Sul,2.0,2200.0
453,2024-03-19,Cliente_010,Teclado,Periféricos,Sudeste,3.0,250.0
454,2024-12-29,Cliente_008,Tablet,Celulares,Nordeste,9.0,1800.0
455,2024-02-10,Cliente_009,Tablet,Celulares,Sudeste,9.0,1800.0
456,2024-03-05,Cliente_021,Tablet,Celulares,Nordeste,10.0,1800.0
457,2024-02-17,Cliente_017,Teclado,Periféricos,Sudeste,10.0,250.0
458,2024-03-19,Cliente_006,Teclado,Periféricos,Norte,10.0,250.0
459,2024-10-15,Cliente_002,Tablet,Celulares,Sul,2.0,1800.0
460,2024-11-24,Cliente_025,Notebook,Computadores,Norte,5.0,3500.0
461,2024-04-17,Cliente_025,Mouse,Periféricos,Norte,7.0,120.0
462,2024-11-23,Cliente_001,Teclado,Periféricos,Centro-Oeste,9.0,250.0
463,2024-11-24,Cliente_010,Tablet,Celulares,Centro-Oeste,4.0,1800.0
464,2024-07-26,Cliente_010,Mouse,Periféricos,Centro-Oeste,2.0,120.0
466,2024-08-25,Cliente_007,Monitor,Computadores,Nordeste,10.0,1200.0
467,2024-06-09,Cliente_028,Smartphone,Celulares,Nordeste,6.0,2200.0
468,2024-03-07,Cliente_025,Monitor,Computadores,Nordeste,9.0,1200.0
469,2024-02-24,Cliente_011,Teclado,Periféricos,Sudeste,8.0,250.0
470,2024-05-16,Cliente_015,Notebook,Computadores,Sudeste,3.0,3500.0
472,2024-05-07,Cliente_028,Monitor,Computadores,Sudeste,6.0,1200.0
473,2024-06-09,Cliente_007,Teclado,Periféricos,Sudeste,8.0,250.0
474,2024-08-27,Cliente_016,Teclado,Periféricos,Nordeste,8.0,250.0
475,2024-02-16,Cliente_013,Notebook,Computadores,Norte,8.0,3500.0
476,2024-04-20,Cliente_019,Smartphone,Celulares,Nordeste,1.0,2200.0
477,2024-05-24,Cliente_016,Notebook,Computadores,Norte,8.0,3500.0
478,2024-10-01,Cliente_001,Tablet,Celulares,Sul,7.0,1800.0
479,2024-05-15,Cliente_024,Smartphone,Celulares,Nordeste,7.0,2200.0
480,2024-01-24,Cliente_013,Tablet,Celulares,Sul,10.0,1800.0
483,2024-11-15,Cliente_022,Tablet,Celulares,Norte,2.0,1800.0
484,2024-02-19,Cliente_013,Smartphone,Celulares,Nordeste,6.0,2200.0
485,2024-07-06,Cliente_025,Teclado,Periféricos,Sudeste,4.0,250.0
486,2024-09-17,Cliente_013,Teclado,Periféricos,Norte,1.0,250.0
487,2024-01-20,Cliente_005,Notebook,Computadores,Nordeste,8.0,3500.0
489,2024-06-16,Cliente_030,Smartphone,Celulares,Norte,6.0,2200.0
490,2024-07-20,Cliente_020,Smartphone,Celulares,Nordeste,10.0,2200.0
492,2024-12-28,Cliente_019,Monitor,Computadores,Nordeste,8.0,1200.0
493,2024-07-07,Cliente_011,Notebook,Computadores,Sul,7.0,3500.0
494,2024-06-06,Cliente_026,Teclado,Periféricos,Sul,10.0,250.0
495,2024-05-15,Cliente_021,Monitor,Computadores,Norte,10.0,1200.0
496,2024-01-27,Cliente_019,Smartphone,Celulares,Centro-Oeste,3.0,2200.0
497,2024-11-18,Cliente_024,Teclado,Periféricos,Norte,7.0,250.0
498,2024-12-14,Cliente_008,Smartphone,Celulares,Sul,10.0,2200.0
499,2024-02-26,Cliente_007,Mouse,Periféricos,Sul,8.0,120.0
500,2024-08-02,Cliente_005,Tablet,Celulares,Centro-Oeste,4.0,1800.0
501,2024-09-13,Cliente_025,Monitor,Computadores,Norte,8.0,1200.0
502,2024-02-01,Cliente_023,Mouse,Periféricos,Sudeste,9.0,120.0
503,2024-10-14,Cliente_011,Smartphone,Celulares,Centro-Oeste,9.0,2200.0
504,2024-06-09,Cliente_006,Monitor,Computadores,Centro-Oeste,9.0,1200.0
505,2024-10-06,Cliente_012,Tablet,Celulares,Nordeste,10.0,1800.0
506,2024-04-08,Cliente_008,Monitor,Computadores,Nordeste,9.0,1200.0
507,2024-04-25,Cliente_010,Tablet,Celulares,Nordeste,4.0,1800.0
508,2024-12-26,Cliente_016,Mouse,Periféricos,Nordeste,8.0,120.0
509,2024-10-13,Cliente_030,Tablet,Celulares,Nordeste,5.0,1800.0
510,2024-10-20,Cliente_022,Notebook,Computadores,Norte,7.0,3500.0
511,2024-06-25,Cliente_025,Monitor,Computadores,Sudeste,5.0,1200.0
512,2024-05-27,Cliente_023,Notebook,Computadores,Sul,6.0,3500.0
514,2024-10-02,Cliente_009,Smartphone,Celulares,Norte,5.0,2200.0
515,2024-02-25,Cliente_020,Smartphone,Celulares,Norte,4.0,2200.0
516,2024-01-26,Cliente_022,Smartphone,Celulares,Norte,4.0,2200.0
518,2024-08-29,Cliente_004,Tablet,Celulares,Sudeste,1.0,1800.0
519,2024-03-21,Cliente_014,Teclado,Periféricos,Centro-Oeste,8.0,250.0
520,2024-04-12,Cliente_025,Mouse,Periféricos,Nordeste,6.0,120.0
521,2024-11-26,Cliente_002,Tablet,Celulares,Sul,10.0,1800.0
522,2024-09-30,Cliente_024,Smartphone,Celulares,Sul,3.0,2200.0
523,2024-03-31,Cliente_030,Monitor,Computadores,Sul,7.0,1200.0
524,2024-04-05,Cliente_030,Monitor,Computadores,Nordeste,1.0,1200.0
525,2024-06-01,Cliente_019,Notebook,Computadores,Norte,2.0,3500.0
526,2024-05-25,Cliente_015,Tablet,Celulares,Norte,9.0,1800.0
527,2024-03-09,Cliente_028,Monitor,Computadores,Norte,8.0,1200.0
528,2024-04-08,Cliente_026,Tablet,Celulares,Sul,6.0,1800.0
529,2024-08-22,Cliente_021,Smartphone,Celulares,Nordeste,3.0,2200.0
531,2024-04-08,Cliente_006,Mouse,Periféricos,Norte,7.0,120.0
532,2024-09-20,Cliente_011,Monitor,Computadores,Sul,7.0,1200.0
533,2024-02-18,Cliente_006,Mouse,Periféricos,Sudeste,8.0,120.0
534,2024-05-07,Cliente_001,Tablet,Celulares,Nordeste,7.0,1800.0
535,2024-08-16,Cliente_025,Smartphone,Celulares,Nordeste,6.0,2200.0
536,2024-10-25,Cliente_024,Tablet,Celulares,Norte,1.0,1800.0
537,2024-11-30,Cliente_012,Tablet,Celulares,Sudeste,1.0,1800.0
538,2024-03-01,Cliente_015,Mouse,Periféricos,Nordeste,3.0,120.0
539,2024-12-17,Cliente_017,Monitor,Computadores,Nordeste,2.0,1200.0
540,2024-05-31,Cliente_012,Mouse,Periféricos,Norte,4.0,120.0
541,2024-03-09,Cliente_016,Smartphone,Celulares,Sudeste,8.0,2200.0
542,2024-11-06,Cliente_012,Mouse,Periféricos,Centro-Oeste,9.0,120.0
543,2024-10-02,Cliente_026,Monitor,Computadores,Sudeste,4.0,1200.0
544,2024-11-01,Cliente_028,Mouse,Periféricos,Sul,9.0,120.0
545,2024-09-27,Cliente_023,Monitor,Computadores,Nordeste,2.0,1200.0
546,2024-02-27,Cliente_002,Teclado,Periféricos,Norte,9.0,250.0
547,2024-10-20,Cliente_018,Smartphone,Celulares,Sudeste,3.0,2200.0
548,2024-09-23,Cliente_015,Tablet,Celulares,Sul,4.0,1800.0
549,2024-10-25,Cliente_016,Mouse,Periféricos,Sul,9.0,120.0
550,2024-01-29,Cliente_015,Monitor,Computadores,Sudeste,9.0,1200.0
551,2024-08-21,Cliente_019,Monitor,Computadores,Sul,9.0,1200.0
552,2024-12-10,Cliente_026,Monitor,Computadores,Nordeste,1.0,1200.0
553,2024-05-10,Cliente_027,Monitor,Computadores,Sul,4.0,1200.0
554,2024-02-07,Cliente_002,Teclado,Periféricos,Centro-Oeste,6.0,250.0
556,2024-01-17,Cliente_010,Monitor,Computadores,Centro-Oeste,3.0,1200.0
559,2024-12-15,Cliente_022,Notebook,Computadores,Norte,3.0,3500.0
560,2024-06-27,Cliente_004,Mouse,Periféricos,Sudeste,9.0,120.0
561,2024-09-27,Cliente_005,Monitor,Computadores,Sudeste,1.0,1200.0
562,2024-06-01,Cliente_015,Notebook,Computadores,Norte,7.0,3500.0
563,2024-07-13,Cliente_027,Teclado,Periféricos,Sudeste,4.0,250.0
564,2024-06-26,Cliente_005,Monitor,Computadores,Nordeste,4.0,1200.0
565,2024-02-27,Cliente_002,Mouse,Periféricos,Centro-Oeste,10.0,120.0
566,2024-05-03,Cliente_007,Notebook,Computadores,Sul,2.0,3500.0
567,2024-01-18,Cliente_015,Teclado,Periféricos,Norte,1.0,250.0
568,2024-01-23,Cliente_013,Smartphone,Celulares,Centro-Oeste,4.0,2200.0
569,2024-04-21,Cliente_025,Teclado,Periféricos,Sul,3.0,250.0
570,2024-05-28,Cliente_008,Teclado,Periféricos,Norte,6.0,250.0
571,2024-11-02,Cliente_025,Teclado,Periféricos,Nordeste,4.0,250.0
572,2024-03-14,Cliente_022,Tablet,Celulares,Norte,4.0,1800.0
573,2024-06-02,Cliente_009,Monitor,Computadores,Sul,9.0,1200.0
574,2024-03-30,Cliente_021,Teclado,Periféricos,Centro-Oeste,9.0,250.0
575,2024-01-25,Cliente_012,Monitor,Computadores,Centro-Oeste,9.0,1200.0
576,2024-12-22,Cliente_014,Tablet,Celulares,Centro-Oeste,3.0,1800.0
577,2024-07-11,Cliente_006,Tablet,Celulares,Norte,8.0,1800.0
578,2024-04-25,Cliente_010,Smartphone,Celulares,Sudeste,8.0,2200.0
580,2024-03-09,Cliente_013,Teclado,Periféricos,Sudeste,5.0,250.0
582,2024-02-17,Cliente_018,Tablet,Celulares,Sudeste,1.0,1800.0
583,2024-07-12,Cliente_022,Tablet,Celulares,Norte,10.0,1800.0
585,2024-09-02,Cliente_007,Smartphone,Celulares,Nordeste,5.0,2200.0
586,2024-04-18,Cliente_030,Notebook,Computadores,Sudeste,2.0,3500.0
587,2024-09-02,Cliente_030,Mouse,Periféricos,Sudeste,10.0,120.0
589,2024-05-24,Cliente_013,Tablet,Celulares,Centro-Oeste,9.0,1800.0
590,2024-07-02,Cliente_010,Mouse,Periféricos,Nordeste,6.0,120.0
591,2024-09-11,Cliente_015,Teclado,Periféricos,Sul,8.0,250.0
592,2024-04-14,Cliente_012,Tablet,Celulares,Nordeste,7.0,1800.0
593,2024-10-15,Cliente_028,Notebook,Computadores,Sudeste,3.0,3500.0
595,2024-08-01,Cliente_010,Mouse,Periféricos,Sudeste,4.0,120.0
596,2024-04-27,Cliente_013,Tablet,Celulares,Norte,4.0,1800.0
598,2024-11-24,Cliente_024,Monitor,Computadores,Centro-Oeste,8.0,1200.0
599,2024-06-29,Cliente_006,Smartphone,Celulares,Sudeste,9.0,2200.0
600,2024-04-04,Cliente_030,Monitor,Computadores,Norte,1.0,1200.0
601,2024-01-18,Cliente_027,Teclado,Periféricos,Sul,1.0,250.0
602,2024-07-30,Cliente_005,Notebook,Computadores,Sudeste,2.0,3500.0
604,2024-07-10,Cliente_002,Monitor,Computadores,Norte,10.0,1200.0
605,2024-12-03,Cliente_016,Monitor,Computadores,Sul,1.0,1200.0
606,2024-10-09,Cliente_014,Teclado,Periféricos,Sul,1.0,250.0
607,2024-05-20,Cliente_018,Teclado,Periféricos,Nordeste,1.0,250.0
609,2024-02-19,Cliente_017,Notebook,Computadores,Sudeste,4.0,3500.0
610,2024-11-13,Cliente_017,Smartphone,Celulares,Nordeste,6.0,2200.0
613,2024-02-11,Cliente_021,Mouse,Periféricos,Sul,2.0,120.0
614,2024-07-13,Cliente_013,Monitor,Computadores,Norte,8.0,1200.0
615,2024-11-22,Cliente_001,Notebook,Computadores,Sudeste,2.0,3500.0
616,2024-08-10,Cliente_021,Monitor,Computadores,Nordeste,10.0,1200.0
617,2024-09-27,Cliente_030,Notebook,Computadores,Sul,4.0,3500.0
618,2024-12-20,Cliente_029,Smartphone,Celulares,Norte,8.0,2200.0
619,2024-01-24,Cliente_030,Tablet,Celulares,Sul,5.0,1800.0
620,2024-10-15,Cliente_022,Teclado,Periféricos,Sul,3.0,250.0
621,2024-01-09,Cliente_007,Tablet,Celulares,Norte,3.0,1800.0
622,2024-07-22,Cliente_030,Mouse,Periféricos,Sul,5.0,120.0
623,2024-10-15,Cliente_008,Smartphone,Celulares,Norte,7.0,2200.0
624,2024-10-03,Cliente_011,Mouse,Periféricos,Centro-Oeste,3.0,120.0
625,2024-02-10,Cliente_017,Mouse,Periféricos,Nordeste,1.0,120.0
626,2024-08-11,Cliente_008,Notebook,Computadores,Sul,6.0,3500.0
627,2024-11-10,Cliente_020,Teclado,Periféricos,Centro-Oeste,6.0,250.0
628,2024-11-20,Cliente_009,Notebook,Computadores,Centro-Oeste,8.0,3500.0
629,2024-07-01,Cliente_018,Smartphone,Celulares,Centro-Oeste,7.0,2200.0
631,2024-05-31,Cliente_026,Teclado,Periféricos,Sudeste,2.0,250.0
632,2024-05-17,Cliente_005,Notebook,Computadores,Centro-Oeste,3.0,3500.0
633,2024-07-18,Cliente_011,Mouse,Periféricos,Nordeste,2.0,120.0
634,2024-01-03,Cliente_010,Notebook,Computadores,Centro-Oeste,6.0,3500.0
635,2024-02-22,Cliente_005,Tablet,Celulares,Sul,3.0,1800.0
636,2024-08-17,Cliente_018,Monitor,Computadores,Norte,9.0,1200.0
637,2024-02-22,Cliente_001,Monitor,Computadores,Sul,6.0,1200.0
638,2024-02-17,Cliente_020,Teclado,Periféricos,Norte,6.0,250.0
639,2024-01-07,Cliente_010,Monitor,Computadores,Centro-Oeste,7.0,1200.0
641,2024-03-27,Cliente_022,Teclado,Periféricos,Centro-Oeste,3.0,250.0
642,2024-05-17,Cliente_010,Smartphone,Celulares,Nordeste,8.0,2200.0
643,2024-02-02,Cliente_006,Smartphone,Celulares,Centro-Oeste,5.0,2200.0
644,2024-06-02,Cliente_016,Monitor,Computadores,Sul,6.0,1200.0
646,2024-04-10,Cliente_015,Teclado,Periféricos,Sul,3.0,250.0
647,2024-01-04,Cliente_013,Tablet,Celulares,Nordeste,10.0,1800.0
648,2024-06-17,Cliente_015,Monitor,Computadores,Nordeste,7.0,1200.0
649,2024-10-31,Cliente_005,Mouse,Periféricos,Nordeste,6.0,120.0
650,2024-12-21,Cliente_007,Teclado,Periféricos,Centro-Oeste,6.0,250.0
651,2024-07-22,Cliente_011,Smartphone,Celulares,Nordeste,8.0,2200.0
652,2024-05-04,Cliente_011,Teclado,Periféricos,Centro-Oeste,5.0,250.0
653,2024-07-05,Cliente_004,Monitor,Computadores,Norte,4.0,1200.0
654,2024-10-06,Cliente_006,Teclado,Periféricos,Norte,1.0,250.0
655,2024-08-24,Cliente_023,Mouse,Periféricos,Sudeste,8.0,120.0
656,2024-12-20,Cliente_003,Tablet,Celulares,Centro-Oeste,8.0,1800.0
658,2024-03-19,Cliente_023,Mouse,Periféricos,Centro-Oeste,7.0,120.0
660,2024-09-30,Cliente_017,Monitor,Computadores,Centro-Oeste,9.0,1200.0
662,2024-02-13,Cliente_004,Mouse,Periféricos,Sudeste,6.0,120.0
663,2024-11-27,Cliente_020,Smartphone,Celulares,Sul,10.0,2200.0
664,2024-12-12,Cliente_021,Mouse,Periféricos,Centro-Oeste,6.0,120.0
665,2024-02-24,Cliente_001,Monitor,Computadores,Sul,5.0,1200.0
666,2024-09-18,Cliente_024,Smartphone,Celulares,Norte,9.0,2200.0
667,2024-12-18,Cliente_019,Teclado,Periféricos,Sudeste,8.0,250.0
668,2024-07-19,Cliente_015,Tablet,Celulares,Norte,9.0,1800.0
669,2024-06-25,Cliente_001,Smartphone,Celulares,Centro-Oeste,2.0,2200.0
670,2024-07-31,Cliente_030,Tablet,Celulares,Sul,2.0,1800.0
671,2024-03-13,Cliente_012,Mouse,Periféricos,Nordeste,6.0,120.0
673,2024-02-19,Cliente_015,Monitor,Computadores,Centro-Oeste,6.0,1200.0
674,2024-06-02,Cliente_002,Notebook,Computadores,Sul,1.0,3500.0
675,2024-11-27,Cliente_004,Tablet,Celulares,Sudeste,4.0,1800.0
676,2024-03-30,Cliente_018,Teclado,Periféricos,Sudeste,6.0,250.0
677,2024-08-06,Cliente_015,Teclado,Periféricos,Sudeste,7.0,250.0
678,2024-04-04,Cliente_006,Mouse,Periféricos,Centro-Oeste,7.0,120.0
679,2024-11-10,Cliente_029,Notebook,Computadores,Sudeste,8.0,3500.0
680,2024-08-07,Cliente_013,Teclado,Periféricos,Sul,4.0,250.0
681,2024-05-22,Cliente_025,Smartphone,Celulares,Sul,10.0,2200.0
682,2024-10-01,Cliente_006,Notebook,Computadores,Nordeste,6.0,3500.0
683,2024-08-22,Cliente_004,Smartphone,Celulares,Nordeste,8.0,2200.0
684,2024-11-23,Cliente_011,Teclado,Periféricos,Norte,7.0,250.0
685,2024-07-19,Cliente_019,Teclado,Periféricos,Sul,6.0,250.0
686,2024-08-22,Cliente_020,Tablet,Celulares,Sudeste,5.0,1800.0
687,2024-10-29,Cliente_003,Teclado,Periféricos,Sudeste,6.0,250.0
688,2024-05-02,Cliente_010,Notebook,Computadores,Sul,3.0,3500.0
689,2024-12-21,Cliente_005,Tablet,Celulares,Norte,7.0,1800.0
690,2024-11-01,Cliente_005,Monitor,Computadores,Norte,7.0,1200.0
691,2024-04-05,Cliente_016,Monitor,Computadores,Norte,3.0,1200.0
692,2024-03-26,Cliente_016,Teclado,Periféricos,Nordeste,3.0,250.0
693,2024-06-10,Cliente_027,Smartphone,Celulares,Centro-Oeste,10.0,2200.0
694,2024-07-02,Cliente_001,Notebook,Computadores,Centro-Oeste,3.0,3500.0
695,2024-07-15,Cliente_018,Smartphone,Celulares,Norte,8.0,2200.0
696,2024-12-16,Cliente_016,Monitor,Computadores,Centro-Oeste,8.0,1200.0
697,2024-03-26,Cliente_003,Monitor,Computadores,Norte,1.0,1200.0
698,2024-05-29,Cliente_002,Smartphone,Celulares,Nordeste,4.0,2200.0
699,2024-05-27,Cliente_006,Teclado,Periféricos,Centro-Oeste,10.0,250.0
700,2024-09-10,Cliente_018,Mouse,Periféricos,Norte,2.0,120.0
701,2024-02-28,Cliente_009,Teclado,Periféricos,Norte,6.0,250.0
702,2024-01-22,Cliente_025,Teclado,Periféricos,Centro-Oeste,9.0,250.0
703,2024-08-05,Cliente_004,Smartphone,Celulares,Sudeste,5.0,2200.0
705,2024-03-01,Cliente_025,Monitor,Computadores,Sudeste,4.0,1200.0
706,2024-10-28,Cliente_023,Mouse,Periféricos,Nordeste,10.0,120.0
707,2024-08-07,Cliente_006,Mouse,Periféricos,Norte,3.0,120.0
708,2024-04-15,Cliente_026,Smartphone,Celulares,Sul,10.0,2200.0
709,2024-09-29,Cliente_009,Tablet,Celulares,Norte,9.0,1800.0
710,2024-06-14,Cliente_023,Smartphone,Celulares,Nordeste,5.0,2200.0
711,2024-05-16,Cliente_028,Teclado,Periféricos,Norte,2.0,250.0
712,2024-07-29,Cliente_030,Smartphone,Celulares,Sul,5.0,2200.0
713,2024-03-05,Cliente_023,Mouse,Periféricos,Sudeste,4.0,120.0
714,2024-12-30,Cliente_011,Smartphone,Celulares,Sudeste,7.0,2200.0
715,2024-03-13,Cliente_019,Monitor,Computadores,Nordeste,7.0,1200.0
716,2024-08-19,Cliente_003,Monitor,Computadores,Sul,7.0,1200.0
717,2024-05-22,Cliente_023,Teclado,Periféricos,Nordeste,8.0,250.0
718,2024-06-16,Cliente_019,Monitor,Computadores,Sul,2.0,1200.0
719,2024-08-22,Cliente_021,Mouse,Periféricos,Nordeste,2.0,120.0
720,2024-07-22,Cliente_007,Teclado,Periféricos,Centro-Oeste,4.0,250.0
721,2024-05-17,Cliente_011,Monitor,Computadores,Nordeste,6.0,1200.0
722,2024-10-22,Cliente_005,Teclado,Periféricos,Norte,8.0,250.0
723,2024-12-15,Cliente_025,Tablet,Celulares,Sul,1.0,1800.0
724,2024-11-16,Cliente_026,Notebook,Computadores,Centro-Oeste,1.0,3500.0
725,2024-03-21,Cliente_015,Notebook,Computadores,Centro-Oeste,1.0,3500.0
726,2024-04-13,Cliente_023,Monitor,Computadores,Sudeste,5.0,1200.0
727,2024-05-20,Cliente_003,Smartphone,Celulares,Nordeste,5.0,2200.0
728,2024-07-09,Cliente_022,Notebook,Computadores,Sudeste,1.0,3500.0
729,2024-11-16,Cliente_010,Monitor,Computadores,Sudeste,7.0,1200.0
730,2024-02-16,Cliente_023,Mouse,Periféricos,Sul,1.0,120.0
731,2024-09-01,Cliente_003,Smartphone,Celulares,Sudeste,10.0,2200.0
732,2024-09-22,Cliente_022,Smartphone,Celulares,Centro-Oeste,1.0,2200.0
733,2024-12-22,Cliente_011,Notebook,Computadores,Sul,7.0,3500.0
734,2024-03-08,Cliente_016,Mouse,Periféricos,Sul,4.0,120.0
735,2024-02-15,Cliente_024,Monitor,Computadores,Sul,2.0,1200.0
736,2024-07-07,Cliente_029,Tablet,Celulares,Nordeste,3.0,1800.0
738,2024-10-15,Cliente_001,Teclado,Periféricos,Norte,3.0,250.0
739,2024-06-28,Cliente_024,Monitor,Computadores,Sudeste,3.0,1200.0
743,2024-05-06,Cliente_009,Smartphone,Celulares,Sul,4.0,2200.0
744,2024-11-03,Cliente_020,Teclado,Periféricos,Norte,5.0,250.0
745,2024-01-14,Cliente_028,Mouse,Periféricos,Nordeste,4.0,120.0
746,2024-11-06,Cliente_017,Teclado,Periféricos,Sudeste,7.0,250.0
747,2024-11-26,Cliente_002,Tablet,Celulares,Sudeste,8.0,1800.0
748,2024-02-27,Cliente_008,Monitor,Computadores,Centro-Oeste,10.0,1200.0
749,2024-09-27,Cliente_029,Notebook,Computadores,Sul,6.0,3500.0
750,2024-03-08,Cliente_013,Tablet,Celulares,Norte,7.0,1800.0
751,2024-10-06,Cliente_022,Tablet,Celulares,Sudeste,8.0,1800.0
752,2024-01-09,Cliente_019,Notebook,Computadores,Sul,1.0,3500.0
753,2024-04-20,Cliente_002,Tablet,Celulares,Sul,7.0,1800.0
754,2024-05-26,Cliente_021,Teclado,Periféricos,Norte,7.0,250.0
755,2024-12-25,Cliente_013,Monitor,Computadores,Sul,9.0,1200.0
756,2024-11-11,Cliente_005,Teclado,Periféricos,Nordeste,2.0,250.0
757,2024-02-10,Cliente_017,Tablet,Celulares,Sudeste,3.0,1800.0
758,2024-06-16,Cliente_013,Teclado,Periféricos,Norte,2.0,250.0
759,2024-12-23,Cliente_014,Tablet,Celulares,Sudeste,1.0,1800.0
760,2024-02-14,Cliente_030,Smartphone,Celulares,Centro-Oeste,2.0,2200.0
761,2024-11-09,Cliente_020,Monitor,Computadores,Sul,5.0,1200.0
762,2024-12-02,Cliente_024,Mouse,Periféricos,Sudeste,2.0,120.0
763,2024-12-28,Cliente_005,Notebook,Computadores,Sul,3.0,3500.0
764,2024-06-26,Cliente_017,Monitor,Computadores,Norte,5.0,1200.0
765,2024-07-09,Cliente_005,Smartphone,Celulares,Nordeste,2.0,2200.0
766,2024-06-20,Cliente_026,Notebook,Computadores,Centro-Oeste,5.0,3500.0
767,2024-02-02,Cliente_009,Teclado,Periféricos,Norte,2.0,250.0
768,2024-08-21,Cliente_017,Monitor,Computadores,Nordeste,1.0,1200.0
769,2024-10-17,Cliente_006,Monitor,Computadores,Nordeste,3.0,1200.0
770,2024-02-22,Cliente_029,Tablet,Celulares,Norte,2.0,1800.0
771,2024-09-17,Cliente_001,Smartphone,Celulares,Sul,1.0,2200.0
772,2024-01-24,Cliente_016,Smartphone,Celulares,Nordeste,7.0,2200.0
773,2024-04-01,Cliente_030,Smartphone,Celulares,Sul,9.0,2200.0
774,2024-12-01,Cliente_014,Mouse,Periféricos,Sudeste,6.0,120.0
775,2024-08-01,Cliente_030,Smartphone,Celulares,Nordeste,5.0,2200.0
777,2024-01-27,Cliente_006,Mouse,Periféricos,Sudeste,9.0,120.0
778,2024-07-24,Cliente_003,Notebook,Computadores,Centro-Oeste,5.0,3500.0
779,2024-06-16,Cliente_003,Tablet,Celulares,Norte,8.0,1800.0
782,2024-09-09,Cliente_025,Teclado,Periféricos,Sudeste,9.0,250.0
783,2024-03-18,Cliente_001,Smartphone,Celulares,Centro-Oeste,1.0,2200.0
784,2024-10-04,Cliente_012,Smartphone,Celulares,Sul,6.0,2200.0
785,2024-12-02,Cliente_013,Notebook,Computadores,Nordeste,2.0,3500.0
787,2024-03-13,Cliente_023,Notebook,Computadores,Nordeste,2.0,3500.0
789,2024-07-09,Cliente_015,Mouse,Periféricos,Sul,10.0,120.0
790,2024-09-15,Cliente_005,Notebook,Computadores,Centro-Oeste,2.0,3500.0
791,2024-10-17,Cliente_002,Teclado,Periféricos,Centro-Oeste,3.0,250.0
792,2024-05-29,Cliente_009,Smartphone,Celulares,Nordeste,7.0,2200.0
793,2024-06-16,Cliente_011,Mouse,Periféricos,Centro-Oeste,5.0,120.0
794,2024-02-08,Cliente_007,Smartphone,Celulares,Sudeste,10.0,2200.0
795,2024-03-20,Cliente_004,Notebook,Computadores,Sudeste,8.0,3500.0
796,2024-06-09,Cliente_014,Monitor,Computadores,Sul,9.0,1200.0
797,2024-04-16,Cliente_015,Tablet,Celulares,Nordeste,8.0,1800.0
798,2024-03-02,Cliente_003,Tablet,Celulares,Sudeste,5.0,1800.0
799,2024-12-22,Cliente_020,Mouse,Periféricos,Sul,4.0,120.0
800,2024-03-16,Cliente_003,Tablet,Celulares,Sudeste,6.0,1800.0
801,2024-09-19,Cliente_002,Monitor,Computadores,Nordeste,5.0,1200.0
802,2024-01-16,Cliente_013,Smartphone,Celulares,Centro-Oeste,9.0,2200.0
803,2024-10-08,Cliente_008,Mouse,Periféricos,Sul,8.0,120.0
804,2024-03-12,Cliente_004,Notebook,Computadores,Sul,1.0,3500.0
805,2024-03-07,Cliente_007,Smartphone,Celulares,Centro-Oeste,6.0,2200.0
806,2024-11-18,Cliente_021,Mouse,Periféricos,Sul,10.0,120.0
807,2024-05-12,Cliente_030,Teclado,Periféricos,Sul,1.0,250.0
808,2024-04-11,Cliente_029,Notebook,Computadores,Centro-Oeste,3.0,3500.0
809,2024-06-18,Cliente_004,Notebook,Computadores,Sul,8.0,3500.0
810,2024-03-27,Cliente_030,Notebook,Computadores,Norte,7.0,3500.0
811,2024-07-21,Cliente_016,Mouse,Periféricos,Sul,7.0,120.0
812,2024-08-06,Cliente_006,Mouse,Periféricos,Nordeste,4.0,120.0
813,2024-05-20,Cliente_009,Smartphone,Celulares,Centro-Oeste,3.0,2200.0
814,2024-11-10,Cliente_020,Notebook,Computadores,Norte,4.0,3500.0
815,2024-05-31,Cliente_016,Mouse,Periféricos,Centro-Oeste,9.0,120.0
816,2024-02-01,Cliente_003,Monitor,Computadores,Nordeste,7.0,1200.0
817,2024-08-02,Cliente_007,Smartphone,Celulares,Norte,4.0,2200.0
818,2024-10-05,Cliente_026,Mouse,Periféricos,Sul,7.0,120.0
819,2024-07-02,Cliente_016,Mouse,Periféricos,Norte,8.0,120.0
820,2024-10-16,Cliente_017,Tablet,Celulares,Nordeste,7.0,1800.0
821,2024-04-02,Cliente_001,Tablet,Celulares,Nordeste,10.0,1800.0
822,2024-01-16,Cliente_029,Smartphone,Celulares,Nordeste,1.0,2200.0
823,2024-09-28,Cliente_012,Monitor,Computadores,Norte,4.0,1200.0
824,2024-02-21,Cliente_008,Smartphone,Celulares,Sudeste,5.0,2200.0
825,2024-01-29,Cliente_025,Teclado,Periféricos,Sudeste,10.0,250.0
826,2024-06-30,Cliente_030,Monitor,Computadores,Sudeste,3.0,1200.0
827,2024-10-30,Cliente_011,Smartphone,Celulares,Nordeste,10.0,2200.0
829,2024-03-13,Cliente_019,Teclado,Periféricos,Sudeste,8.0,250.0
830,2024-06-07,Cliente_006,Teclado,Periféricos,Centro-Oeste,1.0,250.0
831,2024-01-29,Cliente_008,Notebook,Computadores,Norte,4.0,3500.0
832,2024-09-26,Cliente_016,Notebook,Computadores,Sul,6.0,3500.0
833,2024-04-13,Cliente_026,Teclado,Periféricos,Sudeste,6.0,250.0
834,2024-03-31,Cliente_030,Mouse,Periféricos,Nordeste,1.0,120.0
835,2024-03-16,Cliente_019,Notebook,Computadores,Sudeste,2.0,3500.0
836,2024-07-05,Cliente_003,Teclado,Periféricos,Nordeste,7.0,250.0
837,2024-02-21,Cliente_011,Teclado,Periféricos,Nordeste,6.0,250.0
838,2024-03-21,Cliente_024,Smartphone,Celulares,Centro-Oeste,8.0,2200.0
839,2024-06-11,Cliente_006,Mouse,Periféricos,Norte,10.0,120.0
840,2024-04-24,Cliente_022,Tablet,Celulares,Norte,3.0,1800.0
841,2024-06-06,Cliente_024,Monitor,Computadores,Nordeste,3.0,1200.0
842,2024-01-01,Cliente_023,Smartphone,Celulares,Norte,7.0,2200.0
843,2024-01-17,Cliente_006,Teclado,Periféricos,Norte,6.0,250.0
844,2024-04-23,Cliente_021,Teclado,Periféricos,Norte,2.0,250.0
845,2024-03-13,Cliente_011,Monitor,Computadores,Sul,4.0,1200.0
846,2024-06-12,Cliente_006,Tablet,Celulares,Sul,6.0,1800.0
847,2024-01-06,Cliente_009,Monitor,Computadores,Sudeste,4.0,1200.0
848,2024-02-04,Cliente_012,Mouse,Periféricos,Nordeste,2.0,120.0
849,2024-01-01,Cliente_002,Mouse,Periféricos,Centro-Oeste,8.0,120.0
850,2024-08-02,Cliente_006,Mouse,Periféricos,Centro-Oeste,8.0,120.0
851,2024-06-28,Cliente_018,Monitor,Computadores,Centro-Oeste,2.0,1200.0
852,2024-10-22,Cliente_021,Monitor,Computadores,Sudeste,3.0,1200.0
853,2024-02-07,Cliente_026,Monitor,Computadores,Sul,5.0,1200.0
854,2024-06-12,Cliente_009,Notebook,Computadores,Sul,2.0,3500.0
855,2024-03-28,Cliente_029,Tablet,Celulares,Centro-Oeste,3.0,1800.0
856,2024-02-08,Cliente_018,Mouse,Periféricos,Sul,6.0,120.0
857,2024-11-10,Cliente_029,Teclado,Periféricos,Centro-Oeste,1.0,250.0
858,2024-11-30,Cliente_006,Monitor,Computadores,Norte,7.0,1200.0
859,2024-01-28,Cliente_004,Smartphone,Celulares,Nordeste,4.0,2200.0
860,2024-07-28,Cliente_023,Smartphone,Celulares,Norte,9.0,2200.0
861,2024-12-04,Cliente_010,Tablet,Celulares,Nordeste,4.0,1800.0
863,2024-03-19,Cliente_002,Monitor,Computadores,Nordeste,1.0,1200.0
865,2024-02-19,Cliente_001,Smartphone,Celulares,Sudeste,3.0,2200.0
866,2024-05-29,Cliente_003,Mouse,Periféricos,Centro-Oeste,2.0,120.0
867,2024-07-22,Cliente_016,Tablet,Celulares,Centro-Oeste,5.0,1800.0
868,2024-11-24,Cliente_018,Notebook,Computadores,Centro-Oeste,3.0,3500.0
869,2024-07-14,Cliente_012,Tablet,Celulares,Sudeste,8.0,1800.0
870,2024-05-14,Cliente_015,Notebook,Computadores,Centro-Oeste,5.0,3500.0
871,2024-05-17,Cliente_019,Smartphone,Celulares,Sul,3.0,2200.0
872,2024-12-07,Cliente_004,Mouse,Periféricos,Sul,6.0,120.0
873,2024-07-30,Cliente_025,Teclado,Periféricos,Norte,4.0,250.0
874,2024-02-01,Cliente_027,Teclado,Periféricos,Centro-Oeste,9.0,250.0
875,2024-10-01,Cliente_022,Monitor,Computadores,Centro-Oeste,10.0,1200.0
876,2024-08-31,Cliente_010,Smartphone,Celulares,Sul,7.0,2200.0
877,2024-01-18,Cliente_017,Mouse,Periféricos,Norte,9.0,120.0
878,2024-12-12,Cliente_020,Teclado,Periféricos,Sudeste,2.0,250.0
879,2024-03-29,Cliente_006,Monitor,Computadores,Sudeste,4.0,1200.0
880,2024-01-22,Cliente_014,Smartphone,Celulares,Sul,7.0,2200.0
881,2024-11-17,Cliente_005,Smartphone,Celulares,Norte,5.0,2200.0
882,2024-02-04,Cliente_003,Tablet,Celulares,Centro-Oeste,9.0,1800.0
883,2024-10-09,Cliente_011,Monitor,Computadores,Nordeste,9.0,1200.0
884,2024-01-07,Cliente_026,Monitor,Computadores,Norte,10.0,1200.0
885,2024-08-02,Cliente_004,Teclado,Periféricos,Centro-Oeste,3.0,250.0
886,2024-10-17,Cliente_019,Smartphone,Celulares,Norte,2.0,2200.0
887,2024-10-15,Cliente_025,Notebook,Computadores,Sul,5.0,3500.0
889,2024-12-01,Cliente_016,Monitor,Computadores,Norte,10.0,1200.0
890,2024-01-20,Cliente_006,Monitor,Computadores,Nordeste,7.0,1200.0
891,2024-11-12,Cliente_020,Smartphone,Celulares,Centro-Oeste,1.0,2200.0
892,2024-06-18,Cliente_023,Monitor,Computadores,Sudeste,1.0,1200.0
893,2024-08-31,Cliente_030,Mouse,Periféricos,Nordeste,6.0,120.0
895,2024-09-08,Cliente_028,Tablet,Celulares,Sul,4.0,1800.0
896,2024-06-02,Cliente_024,Smartphone,Celulares,Centro-Oeste,6.0,2200.0
897,2024-08-01,Cliente_020,Tablet,Celulares,Sul,4.0,1800.0
898,2024-04-18,Cliente_030,Monitor,Computadores,Centro-Oeste,8.0,1200.0
899,2024-07-10,Cliente_027,Teclado,Periféricos,Sul,9.0,250.0
900,2024-02-03,Cliente_010,Smartphone,Celulares,Norte,7.0,2200.0
902,2024-04-08,Cliente_029,Smartphone,Celulares,Sudeste,1.0,2200.0
903,2024-01-17,Cliente_015,Smartphone,Celulares,Sul,6.0,2200.0
904,2024-04-11,Cliente_009,Mouse,Periféricos,Nordeste,8.0,120.0
905,2024-07-22,Cliente_021,Teclado,Periféricos,Sul,1.0,250.0
906,2024-07-09,Cliente_016,Smartphone,Celulares,Norte,8.0,2200.0
907,2024-08-30,Cliente_019,Smartphone,Celulares,Norte,6.0,2200.0
908,2024-03-24,Cliente_027,Tablet,Celulares,Nordeste,2.0,1800.0
909,2024-01-15,Cliente_013,Tablet,Celulares,Sul,3.0,1800.0
910,2024-04-19,Cliente_028,Teclado,Periféricos,Sudeste,4.0,250.0
911,2024-04-15,Cliente_009,Mouse,Periféricos,Centro-Oeste,9.0,120.0
912,2024-12-15,Cliente_001,Notebook,Computadores,Centro-Oeste,3.0,3500.0
913,2024-03-29,Cliente_020,Mouse,Periféricos,Sul,4.0,120.0
915,2024-07-11,Cliente_028,Monitor,Computadores,Nordeste,8.0,1200.0
916,2024-04-21,Cliente_015,Tablet,Celulares,Nordeste,9.0,1800.0
917,2024-07-22,Cliente_019,Teclado,Periféricos,Sul,1.0,250.0
918,2024-12-05,Cliente_027,Teclado,Periféricos,Nordeste,9.0,250.0
920,2024-02-25,Cliente_016,Mouse,Periféricos,Sul,6.0,120.0
921,2024-11-23,Cliente_011,Tablet,Celulares,Nordeste,5.0,1800.0
922,2024-12-30,Cliente_029,Mouse,Periféricos,Nordeste,4.0,120.0
923,2024-09-21,Cliente_025,Smartphone,Celulares,Sudeste,1.0,2200.0
924,2024-07-25,Cliente_022,Teclado,Periféricos,Nordeste,3.0,250.0
925,2024-01-14,Cliente_021,Mouse,Periféricos,Centro-Oeste,5.0,120.0
926,2024-08-02,Cliente_013,Tablet,Celulares,Centro-Oeste,1.0,1800.0
927,2024-12-28,Cliente_019,Teclado,Periféricos,Sudeste,6.0,250.0
928,2024-04-23,Cliente_022,Mouse,Periféricos,Norte,8.0,120.0
929,2024-07-02,Cliente_017,Mouse,Periféricos,Nordeste,3.0,120.0
930,2024-10-12,Cliente_006,Mouse,Periféricos,Nordeste,2.0,120.0
931,2024-03-06,Cliente_024,Monitor,Computadores,Nordeste,9.0,1200.0
932,2024-12-14,Cliente_029,Smartphone,Celulares,Nordeste,2.0,2200.0
933,2024-06-30,Cliente_008,Smartphone,Celulares,Nordeste,7.0,2200.0
934,2024-07-09,Cliente_009,Tablet,Celulares,Norte,5.0,1800.0
935,2024-03-01,Cliente_016,Monitor,Computadores,Sul,10.0,1200.0
936,2024-11-13,Cliente_003,Teclado,Periféricos,Centro-Oeste,4.0,250.0
937,2024-03-02,Cliente_028,Teclado,Periféricos,Centro-Oeste,9.0,250.0
938,2024-07-30,Cliente_002,Tablet,Celulares,Sudeste,3.0,1800.0
939,2024-06-24,Cliente_014,Smartphone,Celulares,Norte,8.0,2200.0
940,2024-06-10,Cliente_028,Smartphone,Celulares,Sudeste,2.0,2200.0
941,2024-06-19,Cliente_021,Monitor,Computadores,Sudeste,6.0,1200.0
942,2024-01-30,Cliente_001,Mouse,Periféricos,Centro-Oeste,5.0,120.0
943,2024-03-27,Cliente_019,Smartphone,Celulares,Sudeste,8.0,2200.0
944,2024-03-07,Cliente_020,Notebook,Computadores,Centro-Oeste,7.0,3500.0
945,2024-08-07,Cliente_016,Monitor,Computadores,Centro-Oeste,1.0,1200.0
946,2024-09-30,Cliente_007,Notebook,Computadores,Nordeste,1.0,3500.0
947,2024-09-28,Cliente_007,Tablet,Celulares,Sul,1.0,1800.0
948,2024-05-07,Cliente_008,Mouse,Periféricos,Nordeste,5.0,120.0
949,2024-02-22,Cliente_013,Smartphone,Celulares,Norte,10.0,2200.0
950,2024-03-26,Cliente_003,Tablet,Celulares,Sul,5.0,1800.0
951,2024-08-21,Cliente_024,Tablet,Celulares,Norte,10.0,1800.0
952,2024-06-21,Cliente_014,Teclado,Periféricos,Sudeste,6.0,250.0
954,2024-01-10,Cliente_008,Monitor,Computadores,Sudeste,3.0,1200.0
955,2024-01-12,Cliente_019,Smartphone,Celulares,Norte,3.0,2200.0
956,2024-07-06,Cliente_023,Notebook,Computadores,Sul,7.0,3500.0
957,2024-05-10,Cliente_025,Mouse,Periféricos,Norte,10.0,120.0
958,2024-10-31,Cliente_002,Notebook,Computadores,Sul,1.0,3500.0
960,2024-03-04,Cliente_018,Monitor,Computadores,Nordeste,8.0,1200.0
961,2024-03-19,Cliente_007,Mouse,Periféricos,Sul,5.0,120.0
962,2024-12-04,Cliente_004,Monitor,Computadores,Norte,5.0,1200.0
963,2024-11-06,Cliente_023,Teclado,Periféricos,Sudeste,7.0,250.0
964,2024-09-18,Cliente_024,Notebook,Computadores,Norte,2.0,3500.0
965,2024-02-28,Cliente_026,Tablet,Celulares,Sul,8.0,1800.0
966,2024-11-07,Cliente_007,Smartphone,Celulares,Nordeste,9.0,2200.0
968,2024-01-21,Cliente_018,Smartphone,Celulares,Centro-Oeste,4.0,2200.0
969,2024-09-03,Cliente_011,Mouse,Periféricos,Sudeste,1.0,120.0
971,2024-09-09,Cliente_005,Mouse,Periféricos,Sul,9.0,120.0
972,2024-02-21,Cliente_029,Notebook,Computadores,Nordeste,4.0,3500.0
973,2024-05-31,Cliente_009,Monitor,Computadores,Centro-Oeste,1.0,1200.0
974,2024-03-30,Cliente_028,Notebook,Computadores,Sul,5.0,3500.0
975,2024-12-12,Cliente_011,Tablet,Celulares,Centro-Oeste,2.0,1800.0
976,2024-01-24,Cliente_001,Notebook,Computadores,Sudeste,3.0,3500.0
977,2024-07-02,Cliente_029,Tablet,Celulares,Centro-Oeste,10.0,1800.0
978,2024-02-17,Cliente_012,Tablet,Celulares,Nordeste,3.0,1800.0
979,2024-07-24,Cliente_013,Notebook,Computadores,Centro-Oeste,5.0,3500.0
980,2024-12-19,Cliente_028,Monitor,Computadores,Centro-Oeste,7.0,1200.0
981,2024-03-26,Cliente_004,Mouse,Periféricos,Sudeste,1.0,120.0
982,2024-02-23,Cliente_014,Smartphone,Celulares,Norte,8.0,2200.0
983,2024-12-13,Cliente_015,Teclado,Periféricos,Sudeste,10.0,250.0
984,2024-07-02,Cliente_020,Monitor,Computadores,Sul,3.0,1200.0
985,2024-09-06,Cliente_004,Monitor,Computadores,Centro-Oeste,8.0,1200.0
986,2024-02-02,Cliente_009,Notebook,Computadores,Nordeste,1.0,3500.0
987,2024-12-13,Cliente_017,Mouse,Periféricos,Norte,10.0,120.0
989,2024-12-18,Cliente_023,Teclado,Periféricos,Norte,2.0,250.0
990,2024-12-04,Cliente_024,Monitor,Computadores,Sudeste,8.0,1200.0
991,2024-12-05,Cliente_022,Tablet,Celulares,Centro-Oeste,3.0,1800.0
992,2024-11-09,Cliente_002,Teclado,Periféricos,Sul,3.0,250.0
993,2024-08-28,Cliente_028,Teclado,Periféricos,Centro-Oeste,3.0,250.0
994,2024-09-08,Cliente_011,Notebook,Computadores,Sudeste,6.0,3500.0
995,2024-01-26,Cliente_017,Tablet,Celulares,Sudeste,9.0,1800.0
996,2024-07-12,Cliente_013,Mouse,Periféricos,Sudeste,2.0,120.0
997,2024-08-15,Cliente_026,Monitor,Computadores,Norte,8.0,1200.0
998,2024-09-12,Cliente_015,Notebook,Computadores,Nordeste,2.0,3500.0
999,2024-11-30,Cliente_001,Monitor,Computadores,Sul,7.0,1200.0
1000,2024-01-19,Cliente_018,Monitor,Computadores,Norte,1.0,1200.0
1002,2024-04-15,Cliente_021,Teclado,Periféricos,Centro-Oeste,6.0,250.0
1003,2024-01-28,Cliente_027,Tablet,Celulares,Sudeste,8.0,1800.0
1004,2024-10-13,Cliente_025,Tablet,Celulares,Norte,10.0,1800.0
1005,2024-12-02,Cliente_012,Monitor,Computadores,Centro-Oeste,2.0,1200.0
1006,2024-12-03,Cliente_008,Notebook,Computadores,Sul,6.0,3500.0
1007,2024-11-20,Cliente_026,Tablet,Celulares,Nordeste,9.0,1800.0
1008,2024-07-10,Cliente_023,Teclado,Periféricos,Sul,1.0,250.0
1009,2024-09-09,Cliente_005,Smartphone,Celulares,Centro-Oeste,2.0,2200.0
1010,2024-11-08,Cliente_007,Tablet,Celulares,Sudeste,2.0,1800.0
1011,2024-04-20,Cliente_015,Monitor,Computadores,Sudeste,6.0,1200.0
1012,2024-07-31,Cliente_002,Notebook,Computadores,Norte,2.0,3500.0
1013,2024-08-22,Cliente_022,Monitor,Computadores,Norte,9.0,1200.0
1014,2024-09-12,Cliente_001,Smartphone,Celulares,Norte,1.0,2200.0
1015,2024-08-09,Cliente_027,Teclado,Periféricos,Norte,8.0,250.0
1016,2024-03-31,Cliente_023,Teclado,Periféricos,Norte,3.0,250.0
1017,2024-03-06,Cliente_004,Mouse,Periféricos,Centro-Oeste,10.0,120.0
1018,2024-06-13,Cliente_017,Teclado,Periféricos,Centro-Oeste,7.0,250.0
1019,2024-12-20,Cliente_025,Teclado,Periféricos,Sudeste,5.0,250.0
1020,2024-06-24,Cliente_010,Monitor,Computadores,Centro-Oeste,3.0,1200.0
1021,2024-07-30,Cliente_020,Smartphone,Celulares,Norte,5.0,2200.0
1022,2024-10-07,Cliente_028,Mouse,Periféricos,Nordeste,9.0,120.0
1023,2024-04-21,Cliente_007,Mouse,Periféricos,Sudeste,10.0,120.0
1024,2024-05-28,Cliente_022,Mouse,Periféricos,Nordeste,3.0,120.0
1025,2024-11-28,Cliente_006,Mouse,Periféricos,Norte,9.0,120.0
1026,2024-11-22,Cliente_011,Mouse,Periféricos,Sul,6.0,120.0
1027,2024-09-02,Cliente_019,Teclado,Periféricos,Norte,7.0,250.0
1028,2024-09-30,Cliente_010,Mouse,Periféricos,Centro-Oeste,1.0,120.0
1029,2024-02-24,Cliente_001,Teclado,Periféricos,Centro-Oeste,3.0,250.0
1030,2024-12-09,Cliente_002,Notebook,Computadores,Sudeste,5.0,3500.0
1031,2024-05-26,Cliente_022,Smartphone,Celulares,Nordeste,3.0,2200.0
1032,2024-12-19,Cliente_026,Notebook,Computadores,Nordeste,4.0,3500.0
1033,2024-01-17,Cliente_012,Teclado,Periféricos,Centro-Oeste,2.0,250.0
1034,2024-12-11,Cliente_024,Teclado,Periféricos,Norte,4.0,250.0
1035,2024-11-27,Cliente_018,Mouse,Periféricos,Centro-Oeste,4.0,120.0
1036,2024-12-22,Cliente_010,Teclado,Periféricos,Sul,7.0,250.0
1037,2024-08-01,Cliente_026,Monitor,Computadores,Nordeste,9.0,1200.0
1038,2024-01-07,Cliente_024,Notebook,Computadores,Nordeste,4.0,3500.0
1039,2024-08-14,Cliente_027,Teclado,Periféricos,Sudeste,6.0,250.0
1040,2024-10-06,Cliente_024,Teclado,Periféricos,Norte,4.0,250.0
1041,2024-04-09,Cliente_010,Mouse,Periféricos,Centro-Oeste,3.0,120.0
1042,2024-02-08,Cliente_006,Mouse,Periféricos,Sudeste,9.0,120.0
1043,2024-07-12,Cliente_002,Notebook,Computadores,Centro-Oeste,5.0,3500.0
1044,2024-05-15,Cliente_005,Teclado,Periféricos,Sudeste,10.0,250.0
1045,2024-01-03,Cliente_011,Tablet,Celulares,Centro-Oeste,3.0,1800.0
1047,2024-11-16,Cliente_020,Notebook,Computadores,Nordeste,8.0,3500.0
1048,2024-10-08,Cliente_012,Teclado,Periféricos,Sul,6.0,250.0
1049,2024-04-22,Cliente_006,Teclado,Periféricos,Norte,2.0,250.0
1050,2024-03-22,Cliente_014,Teclado,Periféricos,Norte,9.0,250.0
1051,2024-02-17,Cliente_012,Monitor,Computadores,Sudeste,4.0,1200.0
1052,2024-06-18,Cliente_011,Mouse,Periféricos,Nordeste,5.0,120.0
1053,2024-11-12,Cliente_017,Smartphone,Celulares,Centro-Oeste,9.0,2200.0
1054,2024-01-05,Cliente_004,Mouse,Periféricos,Nordeste,8.0,120.0
1055,2024-11-24,Cliente_020,Smartphone,Celulares,Norte,4.0,2200.0
1056,2024-12-15,Cliente_029,Notebook,Computadores,Nordeste,7.0,3500.0
1057,2024-07-16,Cliente_009,Notebook,Computadores,Norte,5.0,3500.0
1059,2024-08-16,Cliente_016,Teclado,Periféricos,Sul,5.0,250.0
1060,2024-04-08,Cliente_011,Mouse,Periféricos,Norte,2.0,120.0
1062,2024-11-16,Cliente_003,Notebook,Computadores,Sudeste,4.0,3500.0
1063,2024-08-05,Cliente_027,Mouse,Periféricos,Sul,4.0,120.0
1064,2024-12-25,Cliente_029,Teclado,Periféricos,Centro-Oeste,2.0,250.0
1065,2024-12-17,Cliente_005,Mouse,Periféricos,Sul,8.0,120.0
1066,2024-06-18,Cliente_002,Mouse,Periféricos,Sul,2.0,120.0
1068,2024-10-21,Cliente_027,Notebook,Computadores,Sudeste,5.0,3500.0
1070,2024-01-09,Cliente_013,Tablet,Celulares,Sul,9.0,1800.0
1071,2024-11-24,Cliente_024,Notebook,Computadores,Norte,2.0,3500.0
1073,2024-02-24,Cliente_010,Teclado,Periféricos,Nordeste,10.0,250.0
1075,2024-12-04,Cliente_001,Monitor,Computadores,Centro-Oeste,3.0,1200.0
1076,2024-04-22,Cliente_005,Teclado,Periféricos,Centro-Oeste,9.0,250.0
1077,2024-11-20,Cliente_005,Tablet,Celulares,Nordeste,6.0,1800.0
1078,2024-10-10,Cliente_028,Notebook,Computadores,Norte,3.0,3500.0
1080,2024-10-02,Cliente_018,Monitor,Computadores,Sul,5.0,1200.0
1082,2024-03-23,Cliente_006,Smartphone,Celulares,Sudeste,10.0,2200.0
1083,2024-04-09,Cliente_004,Tablet,Celulares,Sudeste,10.0,1800.0
1084,2024-10-08,Cliente_015,Notebook,Computadores,Norte,2.0,3500.0
1085,2024-12-09,Cliente_003,Tablet,Celulares,Nordeste,2.0,1800.0
1086,2024-10-24,Cliente_016,Smartphone,Celulares,Nordeste,6.0,2200.0
1087,2024-12-09,Cliente_021,Smartphone,Celulares,Sudeste,2.0,2200.0
1088,2024-11-13,Cliente_003,Tablet,Celulares,Sudeste,6.0,1800.0
1089,2024-08-18,Cliente_011,Monitor,Computadores,Norte,5.0,1200.0
1090,2024-10-26,Cliente_005,Mouse,Periféricos,Norte,10.0,120.0
1091,2024-06-10,Cliente_014,Tablet,Celulares,Sudeste,1.0,1800.0
1092,2024-05-06,Cliente_026,Tablet,Celulares,Sudeste,7.0,1800.0
1093,2024-07-03,Cliente_005,Tablet,Celulares,Nordeste,8.0,1800.0
1094,2024-08-16,Cliente_012,Monitor,Computadores,Nordeste,8.0,1200.0
1095,2024-02-25,Cliente_006,Teclado,Periféricos,Norte,2.0,250.0
1097,2024-11-16,Cliente_003,Tablet,Celulares,Sul,1.0,1800.0
1098,2024-11-19,Cliente_001,Teclado,Periféricos,Norte,10.0,250.0
1099,2024-10-29,Cliente_007,Monitor,Computadores,Sul,9.0,1200.0
1100,2024-10-05,Cliente_029,Tablet,Celulares,Norte,8.0,1800.0
1101,2024-03-17,Cliente_012,Mouse,Periféricos,Centro-Oeste,4.0,120.0
1102,2024-05-28,Cliente_005,Teclado,Periféricos,Centro-Oeste,9.0,250.0
1103,2024-02-16,Cliente_013,Teclado,Periféricos,Nordeste,9.0,250.0
1104,2024-12-05,Cliente_008,Notebook,Computadores,Norte,3.0,3500.0
1105,2024-03-12,Cliente_015,Teclado,Periféricos,Sudeste,3.0,250.0
1106,2024-10-16,Cliente_022,Teclado,Periféricos,Sudeste,8.0,250.0
1107,2024-01-21,Cliente_008,Tablet,Celulares,Centro-Oeste,4.0,1800.0
1108,2024-05-15,Cliente_012,Notebook,Computadores,Sudeste,1.0,3500.0
1109,2024-04-15,Cliente_017,Mouse,Periféricos,Nordeste,7.0,120.0
1110,2024-08-20,Cliente_029,Monitor,Computadores,Sul,1.0,1200.0
1112,2024-05-14,Cliente_019,Mouse,Periféricos,Norte,10.0,120.0
1113,2024-07-11,Cliente_021,Smartphone,Celulares,Centro-Oeste,6.0,2200.0
1115,2024-07-11,Cliente_030,Tablet,Celulares,Sudeste,9.0,1800.0
1116,2024-06-29,Cliente_027,Monitor,Computadores,Nordeste,8.0,1200.0
1117,2024-11-05,Cliente_001,Monitor,Computadores,Norte,3.0,1200.0
1118,2024-03-25,Cliente_008,Monitor,Computadores,Sul,9.0,1200.0
1119,2024-05-23,Cliente_007,Mouse,Periféricos,Sudeste,3.0,120.0
1120,2024-07-04,Cliente_020,Smartphone,Celulares,Sul,4.0,2200.0
1121,2024-06-18,Cliente_024,Monitor,Computadores,Sul,8.0,1200.0
1122,2024-09-02,Cliente_016,Mouse,Periféricos,Sudeste,10.0,120.0
1123,2024-11-27,Cliente_027,Smartphone,Celulares,Centro-Oeste,1.0,2200.0
1124,2024-01-23,Cliente_005,Smartphone,Celulares,Norte,10.0,2200.0
1125,2024-03-09,Cliente_021,Smartphone,Celulares,Norte,1.0,2200.0
1126,2024-03-16,Cliente_002,Teclado,Periféricos,Sudeste,5.0,250.0
1127,2024-09-21,Cliente_013,Smartphone,Celulares,Norte,10.0,2200.0
1128,2024-01-10,Cliente_029,Mouse,Periféricos,Nordeste,2.0,120.0
1129,2024-08-17,Cliente_020,Smartphone,Celulares,Centro-Oeste,8.0,2200.0
1130,2024-04-22,Cliente_027,Smartphone,Celulares,Centro-Oeste,10.0,2200.0
1131,2024-10-25,Cliente_027,Smartphone,Celulares,Sudeste,10.0,2200.0
1132,2024-09-18,Cliente_009,Mouse,Periféricos,Sudeste,6.0,120.0
1133,2024-11-01,Cliente_019,Monitor,Computadores,Sul,4.0,1200.0
1134,2024-07-16,Cliente_005,Monitor,Computadores,Sul,1.0,1200.0
1135,2024-09-24,Cliente_028,Smartphone,Celulares,Norte,7.0,2200.0
1136,2024-11-06,Cliente_004,Smartphone,Celulares,Sudeste,8.0,2200.0
1137,2024-11-03,Cliente_002,Teclado,Periféricos,Norte,9.0,250.0
1139,2024-01-01,Cliente_029,Teclado,Periféricos,Centro-Oeste,9.0,250.0
1140,2024-07-08,Cliente_028,Monitor,Computadores,Sul,9.0,1200.0
1141,2024-04-27,Cliente_026,Monitor,Computadores,Centro-Oeste,7.0,1200.0
1142,2024-10-28,Cliente_026,Tablet,Celulares,Norte,2.0,1800.0
1143,2024-03-09,Cliente_009,Monitor,Computadores,Centro-Oeste,4.0,1200.0
1144,2024-05-25,Cliente_020,Notebook,Computadores,Norte,7.0,3500.0
1146,2024-03-01,Cliente_017,Teclado,Periféricos,Sul,7.0,250.0
1147,2024-04-15,Cliente_023,Mouse,Periféricos,Nordeste,7.0,120.0
1148,2024-02-24,Cliente_005,Tablet,Celulares,Centro-Oeste,10.0,1800.0
1149,2024-05-13,Cliente_028,Tablet,Celulares,Norte,7.0,1800.0
1151,2024-07-30,Cliente_018,Smartphone,Celulares,Norte,8.0,2200.0
1152,2024-07-08,Cliente_018,Smartphone,Celulares,Norte,8.0,2200.0
1153,2024-06-06,Cliente_019,Tablet,Celulares,Nordeste,7.0,1800.0
1154,2024-03-11,Cliente_028,Mouse,Periféricos,Sul,4.0,120.0
1156,2024-07-24,Cliente_026,Teclado,Periféricos,Nordeste,9.0,250.0
1157,2024-12-22,Cliente_022,Teclado,Periféricos,Sul,3.0,250.0
1158,2024-11-21,Cliente_001,Monitor,Computadores,Sul,3.0,1200.0
1159,2024-11-03,Cliente_014,Monitor,Computadores,Sul,2.0,1200.0
1160,2024-04-23,Cliente_012,Tablet,Celulares,Sul,10.0,1800.0
1162,2024-09-23,Cliente_010,Mouse,Periféricos,Norte,1.0,120.0
1163,2024-11-23,Cliente_016,Smartphone,Celulares,Centro-Oeste,1.0,2200.0
1164,2024-12-02,Cliente_030,Smartphone,Celulares,Norte,5.0,2200.0
1165,2024-01-18,Cliente_026,Smartphone,Celulares,Norte,9.0,2200.0
1166,2024-12-23,Cliente_008,Teclado,Periféricos,Norte,3.0,250.0
1167,2024-01-19,Cliente_012,Mouse,Periféricos,Sudeste,1.0,120.0
1169,2024-07-21,Cliente_013,Mouse,Periféricos,Norte,4.0,120.0
1170,2024-01-08,Cliente_024,Teclado,Periféricos,Sul,2.0,250.0
1171,2024-05-25,Cliente_024,Teclado,Periféricos,Norte,10.0,250.0
1172,2024-06-26,Cliente_027,Tablet,Celulares,Nordeste,4.0,1800.0
1173,2024-04-09,Cliente_015,Teclado,Periféricos,Centro-Oeste,10.0,250.0
1175,2024-10-13,Cliente_003,Notebook,Computadores,Norte,5.0,3500.0
1176,2024-02-29,Cliente_026,Tablet,Celulares,Norte,5.0,1800.0
1177,2024-10-21,Cliente_009,Teclado,Periféricos,Centro-Oeste,7.0,250.0
1178,2024-09-04,Cliente_025,Teclado,Periféricos,Sudeste,6.0,250.0
1179,2024-12-14,Cliente_015,Monitor,Computadores,Norte,1.0,1200.0
1180,2024-02-29,Cliente_009,Monitor,Computadores,Sul,7.0,1200.0
1181,2024-04-22,Cliente_022,Mouse,Periféricos,Sudeste,6.0,120.0
1182,2024-06-29,Cliente_017,Monitor,Computadores,Norte,1.0,1200.0
1183,2024-05-14,Cliente_008,Mouse,Periféricos,Nordeste,2.0,120.0
1184,2024-12-10,Cliente_024,Monitor,Computadores,Nordeste,2.0,1200.0
1185,2024-04-01,Cliente_016,Teclado,Periféricos,Nordeste,6.0,250.0
1186,2024-10-20,Cliente_009,Smartphone,Celulares,Sudeste,4.0,2200.0
1187,2024-04-12,Cliente_008,Monitor,Computadores,Sudeste,5.0,1200.0
1188,2024-04-27,Cliente_007,Smartphone,Celulares,Sudeste,10.0,2200.0
1189,2024-03-20,Cliente_025,Tablet,Celulares,Sul,2.0,1800.0
1191,2024-10-04,Cliente_002,Notebook,Computadores,Centro-Oeste,6.0,3500.0
1192,2024-06-10,Cliente_016,Teclado,Periféricos,Norte,5.0,250.0
1193,2024-04-03,Cliente_025,Monitor,Computadores,Norte,5.0,1200.0
1194,2024-04-23,Cliente_025,Monitor,Computadores,Norte,3.0,1200.0
1195,2024-09-26,Cliente_026,Notebook,Computadores,Centro-Oeste,8.0,3500.0
1196,2024-01-17,Cliente_017,Teclado,Periféricos,Nordeste,7.0,250.0
1197,2024-03-30,Cliente_015,Mouse,Periféricos,Sul,9.0,120.0
1198,2024-06-10,Cliente_023,Monitor,Computadores,Sul,1.0,1200.0
1199,2024-04-17,Cliente_013,Mouse,Periféricos,Norte,2.0,120.0
1200,2024-07-04,Cliente_020,Tablet,Celulares,Nordeste,3.0,1800.0
1201,2024-05-14,Cliente_008,Teclado,Periféricos,Nordeste,8.0,250.0
1202,2024-06-24,Cliente_012,Teclado,Periféricos,Sudeste,8.0,250.0
1203,2024-04-17,Cliente_014,Monitor,Computadores,Nordeste,6.0,1200.0
1204,2024-05-23,Cliente_015,Monitor,Computadores,Sudeste,10.0,1200.0
1205,2024-10-21,Cliente_022,Smartphone,Celulares,Sudeste,2.0,2200.0
1206,2024-05-18,Cliente_026,Mouse,Periféricos,Sudeste,9.0,120.0
1207,2024-07-14,Cliente_007,Monitor,Computadores,Sudeste,3.0,1200.0
1208,2024-01-05,Cliente_006,Monitor,Computadores,Centro-Oeste,8.0,1200.0
1209,2024-11-18,Cliente_017,Smartphone,Celulares,Norte,6.0,2200.0
1210,2024-06-02,Cliente_009,Monitor,Computadores,Norte,10.0,1200.0
1211,2024-07-22,Cliente_004,Notebook,Computadores,Sudeste,1.0,3500.0
1212,2024-05-10,Cliente_016,Smartphone,Celulares,Sul,8.0,2200.0
1213,2024-06-20,Cliente_009,Mouse,Periféricos,Nordeste,6.0,120.0
1214,2024-10-12,Cliente_030,Teclado,Periféricos,Nordeste,6.0,250.0
1216,2024-10-22,Cliente_019,Smartphone,Celulares,Norte,3.0,2200.0
1217,2024-06-30,Cliente_011,Tablet,Celulares,Norte,8.0,1800.0
1218,2024-08-16,Cliente_029,Mouse,Periféricos,Sul,7.0,120.0
1219,2024-05-26,Cliente_015,Teclado,Periféricos,Sudeste,3.0,250.0
1220,2024-06-21,Cliente_014,Mouse,Periféricos,Norte,10.0,120.0
1221,2024-02-06,Cliente_003,Monitor,Computadores,Sudeste,6.0,1200.0
1222,2024-06-09,Cliente_011,Smartphone,Celulares,Nordeste,5.0,2200.0
1223,2024-11-26,Cliente_013,Teclado,Periféricos,Nordeste,8.0,250.0
1224,2024-10-27,Cliente_017,Tablet,Celulares,Centro-Oeste,7.0,1800.0
1225,2024-04-04,Cliente_028,Smartphone,Celulares,Sul,3.0,2200.0
1226,2024-04-30,Cliente_022,Mouse,Periféricos,Nordeste,2.0,120.0
1227,2024-03-26,Cliente_013,Smartphone,Celulares,Sul,2.0,2200.0
1228,2024-08-30,Cliente_018,Notebook,Computadores,Sul,1.0,3500.0
1231,2024-04-27,Cliente_008,Tablet,Celulares,Nordeste,8.0,1800.0
1232,2024-03-05,Cliente_005,Mouse,Periféricos,Norte,3.0,120.0
1233,2024-01-18,Cliente_022,Notebook,Computadores,Nordeste,6.0,3500.0
1234,2024-08-27,Cliente_028,Monitor,Computadores,Norte,5.0,1200.0
1235,2024-08-15,Cliente_005,Teclado,Periféricos,Norte,3.0,250.0
1236,2024-11-01,Cliente_015,Teclado,Periféricos,Norte,7.0,250.0
1237,2024-11-23,Cliente_021,Teclado,Periféricos,Norte,5.0,250.0
1238,2024-09-03,Cliente_018,Tablet,Celulares,Sudeste,2.0,1800.0
1239,2024-06-06,Cliente_012,Monitor,Computadores,Centro-Oeste,5.0,1200.0
1240,2024-06-04,Cliente_001,Smartphone,Celulares,Sul,9.0,2200.0
1241,2024-06-25,Cliente_010,Smartphone,Celulares,Centro-Oeste,9.0,2200.0
1242,2024-12-18,Cliente_030,Notebook,Computadores,Centro-Oeste,8.0,3500.0
1243,2024-01-05,Cliente_025,Tablet,Celulares,Centro-Oeste,5.0,1800.0
1244,2024-04-28,Cliente_026,Teclado,Periféricos,Sul,9.0,250.0
1245,2024-04-06,Cliente_014,Tablet,Celulares,Norte,7.0,1800.0
1247,2024-05-14,Cliente_003,Smartphone,Celulares,Centro-Oeste,4.0,2200.0
1248,2024-11-09,Cliente_026,Teclado,Periféricos,Nordeste,5.0,250.0
1250,2024-02-05,Cliente_006,Smartphone,Celulares,Sudeste,5.0,2200.0
1251,2024-11-22,Cliente_015,Notebook,Computadores,Norte,8.0,3500.0
1252,2024-12-24,Cliente_020,Tablet,Celulares,Centro-Oeste,4.0,1800.0
1253,2024-01-10,Cliente_005,Tablet,Celulares,Sul,9.0,1800.0
1254,2024-04-05,Cliente_004,Notebook,Computadores,Nordeste,5.0,3500.0
1255,2024-08-12,Cliente_024,Smartphone,Celulares,Sul,4.0,2200.0
1256,2024-03-18,Cliente_001,Notebook,Computadores,Centro-Oeste,4.0,3500.0
1257,2024-08-03,Cliente_010,Tablet,Celulares,Centro-Oeste,6.0,1800.0
1258,2024-12-22,Cliente_026,Monitor,Computadores,Sul,6.0,1200.0
1259,2024-03-15,Cliente_002,Notebook,Computadores,Nordeste,7.0,3500.0
1260,2024-10-05,Cliente_016,Notebook,Computadores,Sudeste,4.0,3500.0
1261,2024-07-14,Cliente_027,Tablet,Celulares,Sul,2.0,1800.0
1262,2024-05-07,Cliente_013,Mouse,Periféricos,Centro-Oeste,4.0,120.0
1263,2024-01-18,Cliente_007,Mouse,Periféricos,Centro-Oeste,2.0,120.0
1264,2024-12-06,Cliente_007,Teclado,Periféricos,Centro-Oeste,7.0,250.0
1265,2024-06-08,Cliente_030,Mouse,Periféricos,Nordeste,3.0,120.0
1266,2024-01-22,Cliente_024,Mouse,Periféricos,Norte,9.0,120.0
1267,2024-05-09,Cliente_016,Notebook,Computadores,Nordeste,4.0,3500.0
1268,2024-01-27,Cliente_028,Tablet,Celulares,Sudeste,2.0,1800.0
1269,2024-11-20,Cliente_014,Smartphone,Celulares,Nordeste,1.0,2200.0
1270,2024-05-21,Cliente_019,Smartphone,Celulares,Sul,7.0,2200.0
1271,2024-01-05,Cliente_002,Smartphone,Celulares,Norte,8.0,2200.0
1272,2024-11-01,Cliente_005,Mouse,Periféricos,Nordeste,2.0,120.0
1273,2024-03-21,Cliente_016,Smartphone,Celulares,Sul,10.0,2200.0
1274,2024-11-16,Cliente_002,Tablet,Celulares,Sul,6.0,1800.0
1275,2024-03-19,Cliente_023,Mouse,Periféricos,Norte,2.0,120.0
1276,2024-09-06,Cliente_008,Smartphone,Celulares,Nordeste,9.0,2200.0
1277,2024-06-26,Cliente_026,Mouse,Periféricos,Centro-Oeste,4.0,120.0
1278,2024-12-18,Cliente_013,Notebook,Computadores,Nordeste,3.0,3500.0
1279,2024-01-21,Cliente_016,Tablet,Celulares,Centro-Oeste,9.0,1800.0
1280,2024-10-04,Cliente_023,Tablet,Celulares,Centro-Oeste,4.0,1800.0
1281,2024-04-05,Cliente_018,Teclado,Periféricos,Nordeste,6.0,250.0
1282,2024-08-27,Cliente_009,Mouse,Periféricos,Norte,9.0,120.0
1284,2024-05-14,Cliente_018,Tablet,Celulares,Nordeste,8.0,1800.0
1285,2024-11-22,Cliente_017,Notebook,Computadores,Centro-Oeste,3.0,3500.0
1287,2024-06-13,Cliente_024,Smartphone,Celulares,Sul,9.0,2200.0
1288,2024-04-07,Cliente_017,Monitor,Computadores,Centro-Oeste,9.0,1200.0
1289,2024-11-09,Cliente_010,Smartphone,Celulares,Nordeste,7.0,2200.0
1290,2024-06-13,Cliente_004,Mouse,Periféricos,Sul,9.0,120.0
1291,2024-02-04,Cliente_002,Mouse,Periféricos,Sudeste,3.0,120.0
1292,2024-04-13,Cliente_004,Notebook,Computadores,Centro-Oeste,4.0,3500.0
1293,2024-01-17,Cliente_019,Notebook,Computadores,Centro-Oeste,8.0,3500.0
1294,2024-11-15,Cliente_023,Teclado,Periféricos,Norte,5.0,250.0
1295,2024-07-06,Cliente_008,Notebook,Computadores,Norte,2.0,3500.0
1296,2024-04-16,Cliente_021,Notebook,Computadores,Centro-Oeste,2.0,3500.0
1297,2024-11-23,Cliente_002,Monitor,Computadores,Nordeste,9.0,1200.0
1298,2024-07-31,Cliente_027,Mouse,Periféricos,Nordeste,1.0,120.0
1299,2024-05-16,Cliente_017,Teclado,Periféricos,Sul,2.0,250.0
1300,2024-02-09,Cliente_007,Tablet,Celulares,Norte,2.0,1800.0
1301,2024-04-28,Cliente_018,Notebook,Computadores,Centro-Oeste,4.0,3500.0
1302,2024-09-26,Cliente_022,Smartphone,Celulares,Sudeste,10.0,2200.0
1303,2024-04-01,Cliente_018,Mouse,Periféricos,Norte,7.0,120.0
1304,2024-02-24,Cliente_025,Mouse,Periféricos,Norte,6.0,120.0
1305,2024-08-22,Cliente_023,Mouse,Periféricos,Centro-Oeste,2.0,120.0
1306,2024-04-02,Cliente_018,Smartphone,Celulares,Centro-Oeste,9.0,2200.0
1307,2024-12-02,Cliente_006,Tablet,Celulares,Norte,10.0,1800.0
1309,2024-07-09,Cliente_014,Tablet,Celulares,Centro-Oeste,6.0,1800.0
1310,2024-05-03,Cliente_019,Teclado,Periféricos,Norte,4.0,250.0
1311,2024-10-08,Cliente_030,Monitor,Computadores,Nordeste,6.0,1200.0
1312,2024-08-17,Cliente_013,Monitor,Computadores,Sul,1.0,1200.0
1313,2024-11-01,Cliente_001,Tablet,Celulares,Norte,3.0,1800.0
1314,2024-01-04,Cliente_010,Tablet,Celulares,Sudeste,4.0,1800.0
1315,2024-01-12,Cliente_025,Tablet,Celulares,Nordeste,9.0,1800.0
1316,2024-10-11,Cliente_019,Teclado,Periféricos,Norte,3.0,250.0
1317,2024-01-20,Cliente_015,Notebook,Computadores,Nordeste,3.0,3500.0
1319,2024-05-11,Cliente_026,Smartphone,Celulares,Nordeste,2.0,2200.0
1320,2024-07-23,Cliente_019,Teclado,Periféricos,Sudeste,2.0,250.0
1321,2024-06-15,Cliente_026,Mouse,Periféricos,Centro-Oeste,3.0,120.0
1323,2024-11-24,Cliente_010,Teclado,Periféricos,Sul,10.0,250.0
1324,2024-02-10,Cliente_025,Monitor,Computadores,Sul,6.0,1200.0
1325,2024-08-10,Cliente_014,Tablet,Celulares,Sul,4.0,1800.0
1326,2024-11-30,Cliente_028,Mouse,Periféricos,Norte,1.0,120.0
1327,2024-11-19,Cliente_013,Mouse,Periféricos,Sul,5.0,120.0
1328,2024-01-22,Cliente_011,Teclado,Periféricos,Norte,10.0,250.0
1329,2024-06-16,Cliente_017,Smartphone,Celulares,Sudeste,3.0,2200.0
1330,2024-12-10,Cliente_024,Notebook,Computadores,Centro-Oeste,8.0,3500.0
1331,2024-10-21,Cliente_017,Teclado,Periféricos,Sul,4.0,250.0
1332,2024-05-28,Cliente_026,Monitor,Computadores,Centro-Oeste,3.0,1200.0
1335,2024-07-23,Cliente_017,Notebook,Computadores,Centro-Oeste,3.0,3500.0
1336,2024-09-03,Cliente_018,Smartphone,Celulares,Sudeste,8.0,2200.0
1338,2024-09-25,Cliente_008,Teclado,Periféricos,Sudeste,2.0,250.0
1339,2024-08-08,Cliente_011,Tablet,Celulares,Norte,2.0,1800.0
1340,2024-12-09,Cliente_014,Notebook,Computadores,Centro-Oeste,6.0,3500.0
1341,2024-04-07,Cliente_011,Tablet,Celulares,Nordeste,10.0,1800.0
1342,2024-01-13,Cliente_025,Mouse,Periféricos,Nordeste,3.0,120.0
1343,2024-11-11,Cliente_027,Tablet,Celulares,Centro-Oeste,10.0,1800.0
1344,2024-08-13,Cliente_002,Smartphone,Celulares,Sudeste,4.0,2200.0
1345,2024-07-10,Cliente_005,Mouse,Periféricos,Sul,2.0,120.0
1346,2024-01-28,Cliente_008,Mouse,Periféricos,Norte,3.0,120.0
1347,2024-01-08,Cliente_011,Tablet,Celulares,Sul,5.0,1800.0
1349,2024-10-02,Cliente_007,Mouse,Periféricos,Sudeste,9.0,120.0
1350,2024-05-12,Cliente_018,Teclado,Periféricos,Centro-Oeste,10.0,250.0
1351,2024-03-13,Cliente_023,Mouse,Periféricos,Sul,7.0,120.0
1352,2024-12-05,Cliente_017,Teclado,Periféricos,Sul,5.0,250.0
1353,2024-01-31,Cliente_010,Smartphone,Celulares,Sudeste,10.0,2200.0
1354,2024-01-28,Cliente_015,Tablet,Celulares,Sul,2.0,1800.0
1355,2024-12-04,Cliente_009,Monitor,Computadores,Nordeste,2.0,1200.0
1356,2024-05-29,Cliente_028,Notebook,Computadores,Centro-Oeste,4.0,3500.0
1357,2024-09-17,Cliente_023,Monitor,Computadores,Sul,6.0,1200.0
1358,2024-11-01,Cliente_018,Monitor,Computadores,Sul,3.0,1200.0
1359,2024-09-13,Cliente_015,Smartphone,Celulares,Norte,1.0,2200.0
1360,2024-05-06,Cliente_030,Notebook,Computadores,Norte,5.0,3500.0
1361,2024-09-07,Cliente_013,Tablet,Celulares,Sudeste,1.0,1800.0
1362,2024-12-16,Cliente_012,Tablet,Celulares,Nordeste,5.0,1800.0
1363,2024-09-13,Cliente_009,Smartphone,Celulares,Sul,5.0,2200.0
1364,2024-01-16,Cliente_018,Monitor,Computadores,Nordeste,4.0,1200.0
1365,2024-06-23,Cliente_029,Smartphone,Celulares,Centro-Oeste,3.0,2200.0
1366,2024-07-14,Cliente_017,Notebook,Computadores,Norte,4.0,3500.0
1367,2024-05-03,Cliente_019,Monitor,Computadores,Sudeste,7.0,1200.0
1368,2024-11-05,Cliente_011,Tablet,Celulares,Centro-Oeste,9.0,1800.0
1369,2024-04-15,Cliente_021,Smartphone,Celulares,Sudeste,10.0,2200.0
1370,2024-12-16,Cliente_026,Teclado,Periféricos,Sudeste,3.0,250.0
1371,2024-12-18,Cliente_023,Tablet,Celulares,Norte,3.0,1800.0
1372,2024-03-15,Cliente_021,Monitor,Computadores,Norte,3.0,1200.0
1373,2024-02-04,Cliente_018,Tablet,Celulares,Norte,2.0,1800.0
1374,2024-06-11,Cliente_027,Smartphone,Celulares,Sudeste,1.0,2200.0
1375,2024-07-30,Cliente_014,Tablet,Celulares,Nordeste,8.0,1800.0
1376,2024-11-22,Cliente_030,Mouse,Periféricos,Nordeste,3.0,120.0
1377,2024-02-24,Cliente_005,Smartphone,Celulares,Sudeste,1.0,2200.0
1378,2024-11-11,Cliente_009,Teclado,Periféricos,Norte,10.0,250.0
1380,2024-01-14,Cliente_012,Mouse,Periféricos,Sul,8.0,120.0
1381,2024-09-14,Cliente_028,Smartphone,Celulares,Norte,8.0,2200.0
1382,2024-11-28,Cliente_012,Mouse,Periféricos,Sudeste,7.0,120.0
1383,2024-08-30,Cliente_005,Monitor,Computadores,Sudeste,4.0,1200.0
1384,2024-01-17,Cliente_014,Smartphone,Celulares,Sul,5.0,2200.0
1385,2024-04-23,Cliente_024,Monitor,Computadores,Sudeste,4.0,1200.0
1387,2024-12-18,Cliente_011,Monitor,Computadores,Centro-Oeste,4.0,1200.0
1388,2024-07-26,Cliente_025,Monitor,Computadores,Sul,10.0,1200.0
1389,2024-07-13,Cliente_024,Mouse,Periféricos,Nordeste,7.0,120.0
1390,2024-10-19,Cliente_020,Teclado,Periféricos,Norte,9.0,250.0
1391,2024-12-26,Cliente_026,Mouse,Periféricos,Sul,9.0,120.0
1392,2024-08-19,Cliente_015,Notebook,Computadores,Sul,4.0,3500.0
1393,2024-10-02,Cliente_013,Teclado,Periféricos,Sul,9.0,250.0
1394,2024-09-21,Cliente_025,Monitor,Computadores,Sul,4.0,1200.0
1395,2024-08-13,Cliente_013,Tablet,Celulares,Nordeste,5.0,1800.0
1396,2024-03-26,Cliente_014,Monitor,Computadores,Nordeste,10.0,1200.0
1397,2024-12-19,Cliente_017,Notebook,Computadores,Sudeste,8.0,3500.0
1398,2024-08-19,Cliente_003,Mouse,Periféricos,Norte,2.0,120.0
1399,2024-10-26,Cliente_029,Smartphone,Celulares,Norte,3.0,2200.0
1400,2024-07-30,Cliente_011,Monitor,Computadores,Centro-Oeste,1.0,1200.0
1402,2024-05-08,Cliente_011,Notebook,Computadores,Sudeste,2.0,3500.0
1403,2024-02-28,Cliente_023,Notebook,Computadores,Centro-Oeste,6.0,3500.0
1405,2024-03-22,Cliente_013,Teclado,Periféricos,Norte,7.0,250.0
1407,2024-03-17,Cliente_006,Mouse,Periféricos,Sudeste,3.0,120.0
1408,2024-01-27,Cliente_014,Mouse,Periféricos,Nordeste,5.0,120.0
1409,2024-08-16,Cliente_010,Mouse,Periféricos,Sudeste,2.0,120.0
1410,2024-04-13,Cliente_001,Smartphone,Celulares,Norte,5.0,2200.0
1412,2024-11-07,Cliente_029,Notebook,Computadores,Centro-Oeste,4.0,3500.0
1413,2024-10-28,Cliente_022,Smartphone,Celulares,Centro-Oeste,8.0,2200.0
1414,2024-08-14,Cliente_003,Monitor,Computadores,Norte,10.0,1200.0
1415,2024-05-05,Cliente_029,Notebook,Computadores,Norte,5.0,3500.0
1416,2024-11-17,Cliente_018,Teclado,Periféricos,Sudeste,1.0,250.0
1417,2024-03-16,Cliente_002,Smartphone,Celulares,Nordeste,1.0,2200.0
1418,2024-01-17,Cliente_022,Smartphone,Celulares,Norte,10.0,2200.0
1419,2024-06-18,Cliente_030,Tablet,Celulares,Sul,1.0,1800.0
1420,2024-08-01,Cliente_006,Notebook,Computadores,Sudeste,5.0,3500.0
1421,2024-12-04,Cliente_023,Teclado,Periféricos,Norte,10.0,250.0
1422,2024-03-31,Cliente_015,Teclado,Periféricos,Norte,6.0,250.0
1423,2024-02-17,Cliente_025,Notebook,Computadores,Nordeste,6.0,3500.0
1424,2024-07-13,Cliente_027,Tablet,Celulares,Sul,7.0,1800.0
1425,2024-02-03,Cliente_010,Teclado,Periféricos,Centro-Oeste,3.0,250.0
1426,2024-12-21,Cliente_028,Notebook,Computadores,Nordeste,6.0,3500.0
1427,2024-07-30,Cliente_017,Teclado,Periféricos,Sudeste,4.0,250.0
1428,2024-01-30,Cliente_004,Teclado,Periféricos,Norte,9.0,250.0
1430,2024-11-07,Cliente_028,Monitor,Computadores,Nordeste,5.0,1200.0
1431,2024-10-21,Cliente_020,Teclado,Periféricos,Nordeste,3.0,250.0
1432,2024-10-15,Cliente_016,Teclado,Periféricos,Norte,8.0,250.0
1433,2024-04-02,Cliente_029,Monitor,Computadores,Norte,4.0,1200.0
1434,2024-05-28,Cliente_007,Mouse,Periféricos,Sul,2.0,120.0
1435,2024-08-26,Cliente_021,Notebook,Computadores,Sul,4.0,3500.0
1436,2024-07-31,Cliente_014,Teclado,Periféricos,Sul,6.0,250.0
1437,2024-10-13,Cliente_026,Tablet,Celulares,Sudeste,1.0,1800.0
1438,2024-04-13,Cliente_023,Mouse,Periféricos,Nordeste,5.0,120.0
1440,2024-01-04,Cliente_004,Tablet,Celulares,Nordeste,6.0,1800.0
1442,2024-06-18,Cliente_027,Smartphone,Celulares,Nordeste,8.0,2200.0
1443,2024-01-19,Cliente_021,Monitor,Computadores,Sudeste,8.0,1200.0
1444,2024-11-17,Cliente_015,Smartphone,Celulares,Norte,6.0,2200.0
1445,2024-07-30,Cliente_030,Monitor,Computadores,Sul,9.0,1200.0
1447,2024-01-10,Cliente_007,Teclado,Periféricos,Norte,6.0,250.0
1448,2024-02-03,Cliente_005,Tablet,Celulares,Nordeste,1.0,1800.0
1449,2024-07-11,Cliente_021,Tablet,Celulares,Norte,3.0,1800.0
1450,2024-11-06,Cliente_013,Teclado,Periféricos,Sudeste,10.0,250.0
1451,2024-06-06,Cliente_023,Notebook,Computadores,Nordeste,1.0,3500.0
1452,2024-07-30,Cliente_003,Tablet,Celulares,Centro-Oeste,4.0,1800.0
1453,2024-08-19,Cliente_027,Tablet,Celulares,Nordeste,4.0,1800.0
1454,2024-06-03,Cliente_006,Teclado,Periféricos,Sul,6.0,250.0
1455,2024-04-13,Cliente_030,Notebook,Computadores,Sul,8.0,3500.0
1456,2024-01-13,Cliente_026,Teclado,Periféricos,Centro-Oeste,9.0,250.0
1457,2024-04-07,Cliente_011,Smartphone,Celulares,Centro-Oeste,9.0,2200.0
1458,2024-06-16,Cliente_005,Tablet,Celulares,Sul,9.0,1800.0
1459,2024-03-08,Cliente_007,Mouse,Periféricos,Sul,8.0,120.0
1460,2024-09-24,Cliente_004,Monitor,Computadores,Sul,5.0,1200.0
1461,2024-12-17,Cliente_028,Notebook,Computadores,Norte,2.0,3500.0
1462,2024-08-27,Cliente_029,Tablet,Celulares,Sul,2.0,1800.0
1464,2024-06-08,Cliente_021,Teclado,Periféricos,Sudeste,6.0,250.0
1465,2024-04-08,Cliente_010,Smartphone,Celulares,Nordeste,9.0,2200.0
1466,2024-08-13,Cliente_022,Tablet,Celulares,Sul,5.0,1800.0
1467,2024-03-21,Cliente_009,Smartphone,Celulares,Sul,1.0,2200.0
1468,2024-10-13,Cliente_017,Teclado,Periféricos,Sul,4.0,250.0
1469,2024-06-28,Cliente_018,Teclado,Periféricos,Nordeste,5.0,250.0
1470,2024-12-26,Cliente_026,Smartphone,Celulares,Nordeste,10.0,2200.0
1472,2024-10-03,Cliente_015,Tablet,Celulares,Sul,3.0,1800.0
1473,2024-08-29,Cliente_029,Notebook,Computadores,Sul,2.0,3500.0
1474,2024-01-28,Cliente_003,Monitor,Computadores,Centro-Oeste,7.0,1200.0
1475,2024-12-26,Cliente_020,Smartphone,Celulares,Norte,8.0,2200.0
1476,2024-07-01,Cliente_010,Teclado,Periféricos,Nordeste,4.0,250.0
1477,2024-12-09,Cliente_026,Mouse,Periféricos,Norte,2.0,120.0
1478,2024-10-17,Cliente_005,Monitor,Computadores,Sul,8.0,1200.0
1479,2024-08-21,Cliente_010,Notebook,Computadores,Centro-Oeste,8.0,3500.0
1480,2024-04-24,Cliente_005,Smartphone,Celulares,Norte,5.0,2200.0
1481,2024-07-19,Cliente_006,Tablet,Celulares,Nordeste,6.0,1800.0
1482,2024-09-06,Cliente_001,Monitor,Computadores,Sul,8.0,1200.0
1483,2024-06-28,Cliente_016,Notebook,Computadores,Centro-Oeste,3.0,3500.0
1484,2024-06-27,Cliente_020,Tablet,Celulares,Norte,3.0,1800.0
1485,2024-02-22,Cliente_013,Teclado,Periféricos,Sul,6.0,250.0
1486,2024-11-28,Cliente_003,Teclado,Periféricos,Nordeste,9.0,250.0
1487,2024-07-24,Cliente_019,Monitor,Computadores,Centro-Oeste,4.0,1200.0
1488,2024-05-04,Cliente_018,Teclado,Periféricos,Sudeste,8.0,250.0
1489,2024-02-03,Cliente_011,Monitor,Computadores,Sudeste,10.0,1200.0
1490,2024-08-10,Cliente_019,Monitor,Computadores,Nordeste,9.0,1200.0
1491,2024-04-30,Cliente_006,Mouse,Periféricos,Sul,10.0,120.0
1492,2024-02-28,Cliente_019,Monitor,Computadores,Norte,8.0,1200.0
1493,2024-10-11,Cliente_004,Tablet,Celulares,Centro-Oeste,3.0,1800.0
1495,2024-11-01,Cliente_025,Mouse,Periféricos,Centro-Oeste,6.0,120.0
1496,2024-11-26,Cliente_022,Monitor,Computadores,Sul,2.0,1200.0
1498,2024-12-04,Cliente_005,Smartphone,Celulares,Centro-Oeste,9.0,2200.0
1499,2024-07-18,Cliente_020,Tablet,Celulares,Norte,8.0,1800.0
1500,2024-04-15,Cliente_022,Smartphone,Celulares,Nordeste,5.0,2200.0
